Workbook

Sheet coding
A1: participant_id | B1: stance_text | C1: stance_suggested | D1: coder_1_stance | E1: coder_2_stance | F1: stance_agreed | G1: barrier_text | H1: barriers_suggested | I1: coder_1_themes | J1: coder_2_themes | K1: barriers_agreed | L1: note | M1: llm_stance | N1: llm_stance_vs_sug | O1: llm_themes | P1: llm_themes_vs_sug | Q1: llm_confidence | R1: llm_note
A2: P001 | B2: الاعتمادية | C2: dependency | D2: dependency | E2: dependency | G2: عدم دقة الاجابة || تذبذب المعلومات | H2: T1 | M2: dependency | N2: =IF($M2="","",IF($M2=$C2,"match","OVERRIDE")) -> match | O2: T1 | P2: =IF($O2="","",IF($O2=$H2,"match","OVERRIDE")) -> match | Q2: high
A3: P002 | B3: يؤدي إلى الاعتمادية | C3: dependency | D3: conditional | E3: innovation | G3: الدقة || شح المصادر والمراجع | H3: T1,T4 | M3: dependency | N3: =IF($M3="","",IF($M3=$C3,"match","OVERRIDE")) -> match | O3: T1,T4 | P3: =IF($O3="","",IF($O3=$H3,"match","OVERRIDE")) -> match | Q3: high
A4: P003 | B4: يؤدي إلى الاعتمادية | C4: dependency | D4: uncodable | E4: uncodable | G4: محايد || لا شيء | H4: T9 | M4: dependency | N4: =IF($M4="","",IF($M4=$C4,"match","OVERRIDE")) -> match | O4: T9 | P4: =IF($O4="","",IF($O4=$H4,"match","OVERRIDE")) -> match | Q4: high
A5: P004 | B5: إذا زاد استخدامه عن حده فيؤدي للاعتمادية | C5: conditional | D5: dependency | E5: innovation | F5: dependency | G5: عدم توفر مصادر موثوقة || عدم الفهم السريع،و قلة الدقة في المعاني | H5: T1,T4 | M5: conditional | N5: =IF($M5="","",IF($M5=$C5,"match","OVERRIDE")) -> match | O5: T1,T4 | P5: =IF($O5="","",IF($O5=$H5,"match","OVERRIDE")) -> match | Q5: high
A6: P005 | B6: يهدم الابتكار والفردية | D6: innovation | E6: conditional | F6: conditional | G6: لا يمكن الاعتماد عليه في الدراسة، يمكن استخدامه فقط للبحث عن معلومات سطحية، ولا يصلح لشيء أعمق من ذلك || لا يستطيع الذكاء الاصطناعي التعامل مع اللغة العربية الا في ابسط الحالات | H6: T1,T2 | L6: no suggestion available - please code from the text | M6: dependency | N6: =IF($M6="","",IF($M6=$C6,"match","OVERRIDE")) -> OVERRIDE | O6: T1,T2 | P6: =IF($O6="","",IF($O6=$H6,"match","OVERRIDE")) -> match | Q6: high | R6: Suggestion blank. 'يهدم الابتكار والفردية' = destroys innovation and individuality. The keyword الابتكار is present but negated by يهدم; predicate governs, so dependency.
A7: P006 | B7: يعزز الابتكار الفردي | C7: innovation | D7: conditional | G7: صعوبة فهمه للغة || لا يفهم قواعد اللغة العربية كثيرًا | H7: T2 | M7: innovation | N7: =IF($M7="","",IF($M7=$C7,"match","OVERRIDE")) -> match | O7: T2 | P7: =IF($O7="","",IF($O7=$H7,"match","OVERRIDE")) -> match | Q7: high
A8: P007 | B8: في بعض الأحيان | C8: uncodable | G8: المعلومات الخاطئة || تحليله للأبيات بصورة خاطئه او اعطائي أشياء من تأليفه | H8: T1,T3 | M8: uncodable | N8: =IF($M8="","",IF($M8=$C8,"match","OVERRIDE")) -> match | O8: T1,T3 | P8: =IF($O8="","",IF($O8=$H8,"match","OVERRIDE")) -> match | Q8: high
A9: P008 | B9: ! | C9: uncodable | G9: لا يفهم كثيرا ف اللغة || ! | H9: T1 | M9: uncodable | N9: =IF($M9="","",IF($M9=$C9,"match","OVERRIDE")) -> match | O9: T2 | P9: =IF($O9="","",IF($O9=$H9,"match","OVERRIDE")) -> OVERRIDE | Q9: high | R9: 'لا يفهم كثيرا ف اللغة' names language comprehension, not generic inaccuracy. Suggestion T1.
A10: P009 | B10: كلاهما | C10: conditional | G10: التدقيق اللغوي والاملائي || دقة المراجع | H10: T1,T4 | M10: conditional | N10: =IF($M10="","",IF($M10=$C10,"match","OVERRIDE")) -> match | O10: T2,T4 | P10: =IF($O10="","",IF($O10=$H10,"match","OVERRIDE")) -> OVERRIDE | Q10: med | R10: 'التدقيق اللغوي والاملائي' - orthography/proofreading is an Arabic linguistic domain (T2), not generic inaccuracy. Depends on whether إملاء is admitted to T2 (see rule R-T2b).
A11: P010 | B11: يعزز الابتكار و الفردية | C11: innovation | G11: الدكاترةلا يعجبهم ذلك || الخطأ في تحديد نسبة البيت للشاعر | H11: T3,T7 | M11: innovation | N11: =IF($M11="","",IF($M11=$C11,"match","OVERRIDE")) -> match | O11: T3,T7 | P11: =IF($O11="","",IF($O11=$H11,"match","OVERRIDE")) -> match | Q11: high
A12: P011 | B12: يعزز الابتكار | C12: innovation | G12: لا يوجد || عدم وجود تطبيقات تدعم اللغه العربية | H12: T6 | M12: innovation | N12: =IF($M12="","",IF($M12=$C12,"match","OVERRIDE")) -> match | O12: T6 | P12: =IF($O12="","",IF($O12=$H12,"match","OVERRIDE")) -> match | Q12: high
A13: P012 | B13: ممكن الاثنين | C13: conditional | G13: لا يفهم النحو || لا يعرف كما قلت سابقا في قواعد النحو | H13: T2 | M13: conditional | N13: =IF($M13="","",IF($M13=$C13,"match","OVERRIDE")) -> match | O13: T2 | P13: =IF($O13="","",IF($O13=$H13,"match","OVERRIDE")) -> match | Q13: high
A14: P013 | B14: ارى تنه يعزز الابتكار إلى جانب انه يمكن ان يكون داعم لطالب من جوانب مختلفه | C14: innovation | G14: ضعف الدقه العلميه || .. | H14: T1 | M14: innovation | N14: =IF($M14="","",IF($M14=$C14,"match","OVERRIDE")) -> match | O14: T1 | P14: =IF($O14="","",IF($O14=$H14,"match","OVERRIDE")) -> match | Q14: high
A15: P014 | B15: الآثنين معاً | C15: conditional | G15: قلة المعرفه به و المعلومات المغلوطه || التحليل الغير دقيق مثلا | H15: T1 | M15: conditional | N15: =IF($M15="","",IF($M15=$C15,"match","OVERRIDE")) -> match | O15: T1,T5 | P15: =IF($O15="","",IF($O15=$H15,"match","OVERRIDE")) -> OVERRIDE | Q15: high | R15: 'قلة المعرفه به' = the student's own limited knowledge of the tool -> T5, missed by suggestion.
A16: P015 | B16: محايد ، بعض الناس يعتمدون عليه بشكل مفرط بينما آخرون يعتمدون عليه كوسيلة للإبداع والابتكار | C16: conditional | G16: عدم استجابة الذكاء الاصطناعي في كل نقطة الإجابات الخاطئة معلومات مغلوطة بدون توثيق || يحلل بشكل خاطئ ، لا يجيد الاعراب ويخطأ كثيرًا فيه | H16: T1,T2,T4 | M16: conditional | N16: =IF($M16="","",IF($M16=$C16,"match","OVERRIDE")) -> match | O16: T1,T2,T4 | P16: =IF($O16="","",IF($O16=$H16,"match","OVERRIDE")) -> match | Q16: high
A17: P016 | B17: على حسب طريقة استخدامه | C17: conditional | G17: عدم دقة نتائج الذكاء الاصطناعي في الادب العربي || عدم دقة البيانات وعدم صحة التحليلات صعوبة العمل على ملفات كبيرة | H17: T1 | M17: conditional | N17: =IF($M17="","",IF($M17=$C17,"match","OVERRIDE")) -> match | O17: T1,T8 | P17: =IF($O17="","",IF($O17=$H17,"match","OVERRIDE")) -> OVERRIDE | Q17: low | R17: 'صعوبة العمل على ملفات كبيرة' = difficulty with large files -> a usage limit (T8) rather than an accuracy problem. Only holds if T8 is widened per rule R-T8.
A18: P017 | B18: يعزز الابتكار والفردية | C18: innovation | G18: تعليق البرنامج المستخدم وتكراره للذي يقول || عدم فهم قواعد اللغة بشكل جيد خاصة لو خدعته بأكثر من قاعدة بسؤال | H18: T2 | M18: innovation | N18: =IF($M18="","",IF($M18=$C18,"match","OVERRIDE")) -> match | O18: T2,T8 | P18: =IF($O18="","",IF($O18=$H18,"match","OVERRIDE")) -> OVERRIDE | Q18: low | R18: 'تعليق البرنامج وتكراره' = the app hanging and repeating -> technical availability (T8) under R-T8.
A19: P018 | B19: يعزّز الابتكار إذا استُخدم بوعي، وقد يسبب الاعتمادية إذا أُسيء استخدامه | C19: conditional | G19: عدم دقة بعض النتائج، وصعوبة التحقق من المصادر || أحيانًا يعطي معلومات غير دقيقة أو عامة، مما يسبب التباسًا في الفهم | H19: T1,T4 | M19: conditional | N19: =IF($M19="","",IF($M19=$C19,"match","OVERRIDE")) -> match | O19: T1,T4 | P19: =IF($O19="","",IF($O19=$H19,"match","OVERRIDE")) -> match | Q19: high
A20: P019 | B20: يعتمد على طريقة الاستخدام | C20: conditional | G20: عدم دقة المعلومات اللتي يقدمها و ضعف الفهم للسياق احيانا || لا توجد | H20: T1 | M20: conditional | N20: =IF($M20="","",IF($M20=$C20,"match","OVERRIDE")) -> match | O20: T1 | P20: =IF($O20="","",IF($O20=$H20,"match","OVERRIDE")) -> match | Q20: high
A21: P020 | B21: ارى أنه يعزز الإبتكار | C21: innovation | G21: لا يمكن الاعتماد عليه لأنه يعطي إجابات غير دقيقة || عندما ارغب ان يشرح لي سؤال في النحو يجمع بين قاعدتين لا يستطيع حله بشكل صحيح | H21: T1,T2 | M21: innovation | N21: =IF($M21="","",IF($M21=$C21,"match","OVERRIDE")) -> match | O21: T1,T2 | P21: =IF($O21="","",IF($O21=$H21,"match","OVERRIDE")) -> match | Q21: high
A22: P021 | B22: قد يؤدي إلى الاعتمادية إذا أُسيء استخدامه، لكنه في المقابل يعزز الابتكار إذا استُخدم كأداة مساعدة تدعم الفهم وتوليد الأفكار، لذلك تأثيره يتوقف على طريقة استخدامه. | C22: conditional | G22: عدم دقة بعض المعلومات مما يجعلني بحاجة إلى التحقق منها من مصادر موثوقة كذلك أحيانا قد يقدم الذكاء الاصطناعي إجابات عامة أو غير تفصيلية بالشكل الذي يناسب المستوى الأكاديمي المطلوب. || عدم دقة الإجابات. | H22: T1 | M22: conditional | N22: =IF($M22="","",IF($M22=$C22,"match","OVERRIDE")) -> match | O22: T1 | P22: =IF($O22="","",IF($O22=$H22,"match","OVERRIDE")) -> match | Q22: high
A23: P022 | B23: هذا يعتمد على استخدام الشخص، فمنهم من يتخذه مساعدًا ومرشدًا ولا يصدّق في كلّ شيء يطرحه، بل يتأكد ويبحث. ومنهم من يعتمد عليه اعتمادًا كليًا. وفي الحالة الأولى يعزز الابتكار لما يطرحه من خيوط أفكار دقيقة قد يطورها العقل البشري المتلقي لها، وفي الحالة الثانية تكمن الاعتمادية. | C23: conditional | G23: عدم دقة المصادر التي يعتمد عليها، فهو كثيرًا ما يحيل إلى كتب لغير مؤلفيها، وأحيانًا يأتي بالمعلومة ويوثقها من مرجع لا علاقة له بها أصلًا. كما أنّ لغته لا تعد لغة رصينة، بيْد أنّنا لا نستطيع الحكم عليها بالخطأ. || ينسب الذكاء الاصطناعي أبيات الشعر لغير قائلها، بل ويخترع لشاعر ما أبيات لم يقلها. ليس دقيقا في التفريق بين الصيغ الصرفية. يخطأ كثيرًا في الإعراب | H23: T1,T2,T3,T4 | M23: conditional | N23: =IF($M23="","",IF($M23=$C23,"match","OVERRIDE")) -> match | O23: T1,T2,T3,T4 | P23: =IF($O23="","",IF($O23=$H23,"match","OVERRIDE")) -> match | Q23: high
A24: P023 | B24: قد يؤدي إلى الاثنين معا حسب استخدام الشخص وخبرته وقدرته على نقد المحتوى وكتابة أوامر قوية وقدرته على التحقق من صدق الإجابة والمراجع التي استشهد بها | C24: conditional | G24: قلة الخبرة والقدرة على نقد المحتوى المقدم من برامج الذكاء الاصطناعي التوليدية || ضعف القدرة على نقد المحتوى المقدم، كذلك دقة الإجابات المقدمة لأن معظمها تتعامل مع اللغة الإنجليزية | H24: T1,T5,T6 | M24: conditional | N24: =IF($M24="","",IF($M24=$C24,"match","OVERRIDE")) -> match | O24: T1,T5,T6 | P24: =IF($O24="","",IF($O24=$H24,"match","OVERRIDE")) -> match | Q24: high
A25: P024 | B25: قد يؤدي إلى الاعتمادية في حال عدم التدقيق خلفه وعدم التأكد، ولكن قد يعزز روح النقد لديك في حال تتبعت المعلومة وتأكدت من صحتها خلفه. | C25: conditional | G25: دقة المعلومات، وموثوقيتها || بعض المعلومات التي يأتي بها خاطئة، أو لادخل لها بالموضوع الذي أبحث عنه. | H25: T1 | M25: conditional | N25: =IF($M25="","",IF($M25=$C25,"match","OVERRIDE")) -> match | O25: T1 | P25: =IF($O25="","",IF($O25=$H25,"match","OVERRIDE")) -> match | Q25: high
A26: P025 | B26: كلاهما | C26: conditional | G26: عدم الدقة في المعلومات-كثرة الأخطاء || معلومة خاطئة | H26: T1 | M26: conditional | N26: =IF($M26="","",IF($M26=$C26,"match","OVERRIDE")) -> match | O26: T1 | P26: =IF($O26="","",IF($O26=$H26,"match","OVERRIDE")) -> match | Q26: high
A27: P026 | B27: على حسب استخدام الفرد. غالبًا يؤدي إلى الاعتمادية خاصة إذا بالغ الشخص في استخدامه، لكن لو استخدمه بصورة مناسبة وبطريقة ذكية يستطيع الاستفادة منه لكسب الخبرات وتحسين الابتكار والإبداع. | C27: conditional | G27: ١. غالبًا الذكاء الاصطناعي غير دقيق في اللغة العربية ويقدّم أحيانًا معلومات خاطئة. ٢. رفض الدكاترة قيام الطلبة باستخدام الذكاء الاصطناعي حتى لو على سبيل المساعدة وتقديم أفكار مثلًا. || ١. لا يدعم اللغة العربية في توليد الصور، غالبًا يكتب الحروف والكلمات بصورة غير واضحة أو عشوائية. ٢. لا يمكن الاستفادة منه في النحو بصورة كبيرة. | H27: T1,T2,T6,T7 | M27: conditional | N27: =IF($M27="","",IF($M27=$C27,"match","OVERRIDE")) -> match | O27: T1,T2,T6,T7 | P27: =IF($O27="","",IF($O27=$H27,"match","OVERRIDE")) -> match | Q27: high
A28: P027 | B28: يؤدي إلى الاعتمادية بشكل أكبر . | C28: dependency | G28: عدم دقة المعلومات والمصادر. || عدم دقة الشرح ومعلومات غير صحيحة . | H28: T1,T4 | M28: dependency | N28: =IF($M28="","",IF($M28=$C28,"match","OVERRIDE")) -> match | O28: T1,T4 | P28: =IF($O28="","",IF($O28=$H28,"match","OVERRIDE")) -> match | Q28: high
A29: P028 | B29: قد يعزز الابتكار والفردية إذا تم استخدامه بطريقة صحيحة ، لأنه يساعد على تطوير الأفكار ولكن الاعتماد الكلي عليه قد يضعف الإبداع الشخصي. | C29: conditional | G29: عدم دقة بعض المعلومات أحيانًا، وصعوبة التأكد من موثوقية المصادر بسبب انه قد يقدم مصادر غير موجودة من الأساس. || التجارب السلبية التي واجهتها أن بعض الإجابات كانت غير دقيقة أو تحتوي على معلومات غير موثوقة، مما اضطرني إلى مراجعة المصادر والتأكد من صحة المعلومات قبل الاعتماد عليها ، ايضاً ان الذكاء الاصطناعي لا يدعم العربية كثيرًا على عكس اللغة الإنجليزية. | H29: T1,T4,T6 | M29: conditional | N29: =IF($M29="","",IF($M29=$C29,"match","OVERRIDE")) -> match | O29: T1,T4,T6 | P29: =IF($O29="","",IF($O29=$H29,"match","OVERRIDE")) -> match | Q29: high
A30: P029 | B30: قد يعزز الابتكار والفرديه على المدى الطويل | C30: innovation | G30: عدم وجود اداه تجلب معلومات دقيقه عن اللغه العربيه || توليد اعرابات خاطئه وغير منطقيه اصلا | H30: T1,T2 | M30: innovation | N30: =IF($M30="","",IF($M30=$C30,"match","OVERRIDE")) -> match | O30: T1,T2,T6 | P30: =IF($O30="","",IF($O30=$H30,"match","OVERRIDE")) -> OVERRIDE | Q30: med | R30: Hedged ('قد يعزز... على المدى الطويل') but no usage condition - innovation, not conditional. | 'عدم وجود اداه تجلب معلومات دقيقه عن اللغه العربيه' = absence of an Arabic tool -> T6, missed.
A31: P030 | B31: يعزز الإبتكار | C31: innovation | G31: . || . | M31: innovation | N31: =IF($M31="","",IF($M31=$C31,"match","OVERRIDE")) -> match | O31: T9 | P31: =IF($O31="","",IF($O31=$H31,"match","OVERRIDE")) -> OVERRIDE | Q31: high | R31: Suggestion blank. Both parts are '.' - no barrier stated.
A32: P031 | B32: أرى أنه يعتمد على الشخص، بالنسبة لي لا أعتمد عليه اعتمادا كليا إنما يساعدني في الابتكار خاصة في العروض التقديمية | C32: conditional | G32: الإجابات غير الدقيقة || عندما أطلب منه أن يلخص لي قصة أو موضوع أحياناً تلخيصه يكون مخل بالمعنى بالإضافة إلى الإجابات غير الدقيقة أحيانا | H32: T1 | M32: conditional | N32: =IF($M32="","",IF($M32=$C32,"match","OVERRIDE")) -> match | O32: T1 | P32: =IF($O32="","",IF($O32=$H32,"match","OVERRIDE")) -> match | Q32: high
A33: P032 | B33: الابتكار | C33: innovation | G33: لا يتعرف على قواعد العربية || لا يتعمق في الاجابة | H33: T1,T2 | M33: innovation | N33: =IF($M33="","",IF($M33=$C33,"match","OVERRIDE")) -> match | O33: T1,T2 | P33: =IF($O33="","",IF($O33=$H33,"match","OVERRIDE")) -> match | Q33: high
A34: P033 | B34: الإثنان معًا، يجب أن يكون الاستخدام واعٍ | C34: conditional | G34: عدم الدقة || لا يجيد كل الجوانب في اللغة، ربما يستطيع الإعراب بشكل جيد. | H34: T1,T2 | M34: conditional | N34: =IF($M34="","",IF($M34=$C34,"match","OVERRIDE")) -> match | O34: T1,T2 | P34: =IF($O34="","",IF($O34=$H34,"match","OVERRIDE")) -> match | Q34: high
A35: P034 | B35: هذا الأمر نسبي و يعتمد على عقلية من يستخدمه | C35: conditional | G35: أنه لا يفقه اللغة العربية بالشكل الذي أتطلع له || طلبت منه مساعدتي في حل واجب منزلي و لم أحصل في هذا الواجب على درجة كاملة مثلما توقعت (اعتمدت على الذكاء الاصطناعي بنسبة ٩٨% تقريبا) و هذا عزز نبوءة دكتور المقرر أن الذكاء الاصطناعي لن يفيدنا في حل ذلك الواجب، و قد كنت أحاول إثبات العكس... | H35: T1,T2 | M35: conditional | N35: =IF($M35="","",IF($M35=$C35,"match","OVERRIDE")) -> match | O35: T1,T2 | P35: =IF($O35="","",IF($O35=$H35,"match","OVERRIDE")) -> match | Q35: med | R35: Mentions the professor's prediction being confirmed, but that is not institutional resistance, so no T7.
A36: P035 | B36: حسب نوع الاستخدام الفردي اذا كان نسخاً شاملاً فهو يؤدي إلى الاعتمادية وتقليل الابتكار والفردية. | C36: conditional | G36: عدم المقدرة على كتابة أوامر prompts لجعل النتائج دقيقة في الأدب واللغة العربية أكثر دقة || عدم دقة البيانات والمعلومات | H36: T1,T5 | M36: conditional | N36: =IF($M36="","",IF($M36=$C36,"match","OVERRIDE")) -> match | O36: T1,T5 | P36: =IF($O36="","",IF($O36=$H36,"match","OVERRIDE")) -> match | Q36: high
A37: P036 | B37: يعتمد على استخدام الفرد له | C37: conditional | G37: منحي إجابات خاطئة وغير دقيقة ، بعض الإجابات تأتي من مصادر غير. موثوقة ، طول مدة توليد الصور والمقاطع || يمنحني إجابات من وحي خياله لا أساس لها من الصحة و أيضا تأخره في منح الإجابات | H37: T1,T8 | M37: conditional | N37: =IF($M37="","",IF($M37=$C37,"match","OVERRIDE")) -> match | O37: T1,T4,T8 | P37: =IF($O37="","",IF($O37=$H37,"match","OVERRIDE")) -> OVERRIDE | Q37: med | R37: 'بعض الإجابات تأتي من مصادر غير موثوقة' -> T4, missed by suggestion.
A38: P037 | B38: الاعتمادية | C38: dependency | G38: الذكاء الاصطناعي يجيب بطريقة خاطئة وعند تحليل الجداول والاحصائيات يحذف بعض النقاط كأن مسح الصورة لم يتم بطريقة صحيحة فتصبح المعلومات ناقصة، وكذلك يكتب بعض الأحيان معلومات زائدة من عنده، لذلك تحتاج اجاباته إلى تأكد شخصي من مدى صحتها. || أثناء المذاكرة لم أفهم نقطة معينة ثم سألته عنها وبدت لي الاجابة غير مُقنعة وشعرت بالإحباط. | H38: T1 | M38: dependency | N38: =IF($M38="","",IF($M38=$C38,"match","OVERRIDE")) -> match | O38: T1 | P38: =IF($O38="","",IF($O38=$H38,"match","OVERRIDE")) -> match | Q38: high
A39: P038 | B39: يعزز | C39: innovation | G39: كيفية صياغة المحتوى || لا يوجد | H39: T9 | M39: innovation | N39: =IF($M39="","",IF($M39=$C39,"match","OVERRIDE")) -> match | O39: T5 | P39: =IF($O39="","",IF($O39=$H39,"match","OVERRIDE")) -> OVERRIDE | Q39: low | R39: 'يعزز' with no object. Read as elliptical for يعزز الابتكار given the question wording. | 'كيفية صياغة المحتوى' listed as a challenge the student faces -> phrasing skill (T5). Reads as T9 only if the phrase is about the model's output rather than the student's prompting.
A40: P039 | B40: برأيي يعزز الابتكار والفردية، ولكن هذا يعتمد بشكل كبير على المستخدم. لكن ما يطرحه الذكاء الإصطناعي يحتاج إلى أن يصبح أكثر توافقا مع ما أريد، وفي بعض الأحيان قد لا يكون مبتكرا بالقدر المتوقع، فيتحتم عليَّ تطوير وتغيير ما طرحه. | C40: conditional | G40: عدم فهم المطلوب منه بشكل جيد، والاختصار في المعلومات، وعدم دقة المعلومات، والضعف الكبير في جانب تحليل اللغة العربية من جوانب مختلفة كالإملاء والإعراب. || استخدمت chat gpt في التحقق الإملائي من كلمة لأرى مدى إمكانيتة ودقته في تطبيق القواعد الإملائية بعد أن قدمت له قواعد كتابة الهمزة المتوسطة، فأخطأ أخطاء فادحة بكتابة الكلمات التي قدمتها له. | H40: T1,T2 | M40: conditional | N40: =IF($M40="","",IF($M40=$C40,"match","OVERRIDE")) -> match | O40: T1,T2 | P40: =IF($O40="","",IF($O40=$H40,"match","OVERRIDE")) -> match | Q40: high
A41: P040 | B41: - | C41: uncodable | G41: - || - | M41: uncodable | N41: =IF($M41="","",IF($M41=$C41,"match","OVERRIDE")) -> match | O41: T9 | P41: =IF($O41="","",IF($O41=$H41,"match","OVERRIDE")) -> OVERRIDE | Q41: high | R41: Suggestion blank. Both parts are '-'.
A42: P041 | B42: هو سلاح ذو حدين | C42: conditional | G42: في الواقع لا أعتمد على الذكاء الاصطناعي كونه غير دقيق لذا أتجنبه. || تجربة الطلبة الذين أدرسهم | H42: T1 | M42: conditional | N42: =IF($M42="","",IF($M42=$C42,"match","OVERRIDE")) -> match | O42: T1 | P42: =IF($O42="","",IF($O42=$H42,"match","OVERRIDE")) -> match | Q42: high
A43: P042 | B43: يؤدي إلى الاعتمادية | C43: dependency | G43: الحصول على إجابات دقيقة || كثيرا ما يؤلف من عنده خاصة الشواهد | H43: T1,T3 | M43: dependency | N43: =IF($M43="","",IF($M43=$C43,"match","OVERRIDE")) -> match | O43: T1,T3 | P43: =IF($O43="","",IF($O43=$H43,"match","OVERRIDE")) -> match | Q43: high
A44: P043 | B44: على حسب المستخدم نفسه هل يعتمد عليه في إنجاز أعماله أم يستخدمه لمراجعة أب٩اثه مثلا و تطوير أفكاره | C44: conditional | G44: لا يجيب بدرجة عالية من الدقة و هو غير مفيد في مواد اللغة العربية عكس المواد التربوية || لا يجيد الاعراب و لا التحليل و هو فاشل في النحو ولكن لا بأس به في الصرف | H44: T1,T2 | M44: conditional | N44: =IF($M44="","",IF($M44=$C44,"match","OVERRIDE")) -> match | O44: T1,T2 | P44: =IF($O44="","",IF($O44=$H44,"match","OVERRIDE")) -> match | Q44: high
A45: P044 | B45: يؤدي إلى الاعتمادية بشكل اكبر. | C45: dependency | G45: عدم دقة المعلومات || عدم دقة المعلومات و التحليل . | H45: T1 | M45: dependency | N45: =IF($M45="","",IF($M45=$C45,"match","OVERRIDE")) -> match | O45: T1 | P45: =IF($O45="","",IF($O45=$H45,"match","OVERRIDE")) -> match | Q45: high
A46: P045 | B46: إذا زاد استخدامه عن حده يصبح اعتمادية | C46: conditional | G46: عدم توفرها مجانيًا بصورة محترفة، قلة الخبرة في التقنيات الحديثة || عدم دقة المعاني | H46: T1,T5,T8 | M46: conditional | N46: =IF($M46="","",IF($M46=$C46,"match","OVERRIDE")) -> match | O46: T1,T5,T8 | P46: =IF($O46="","",IF($O46=$H46,"match","OVERRIDE")) -> match | Q46: high
A47: P046 | B47: الاعتمادية | C47: dependency | G47: الدقة في التحليل اللغوي العميق: رغم تطور النماذج، إلا أنها قد تخفق أحياناً في ضبط "أواخر الكلم" أو إعراب الجمل المعقدة التي تعتمد على السياق البعيد أو التقدير (كالمحذوفات والتقديم والتأخير)، مما قد يؤدي لنتائج غير دقيقة في التخصصات اللغوية الدقيقة. || من أبرز التجارب السلبية هي "الهلوسة اللغوية في الإعراب"؛ حيث طلبتُ من الذكاء الاصطناعي إعراب بيت شعري يتضمن "تقديمًا وتأخيرًا" معقدًا، فقام بإعراب الكلمات بشكل منفرد وصحيح ظاهريًا، لكنه أخطأ تمامًا في ربط المعنى، فجعل "الفاعل" "مفعولًا به" لمجرد أنه تقدم عليه في الترتيب. هذه التجربة كانت مربكة لأن الإجابة صيغت بثقة تامة، مما قد يضلل الطالب الذي لا يملك خلفية قوية، وأثبتت لي أن الذكاء الاصطناعي أحيانًا يفتقر إلى "الذوق السياقي" | H47: T1,T2 | M47: dependency | N47: =IF($M47="","",IF($M47=$C47,"match","OVERRIDE")) -> match | O47: T1,T2 | P47: =IF($O47="","",IF($O47=$H47,"match","OVERRIDE")) -> match | Q47: high
A48: P047 | B48: يعتمد على استخدام الفرد وتفكيره اتجاه الذكاء الاصطناعي وإنني أرى أن الذكاء الاصطناعي يدعم الفرد للابتكار ويقوم بتنوير بصيرته في حالة استخدامه الصحيح للذكاء الاصطناعي. | C48: conditional | G48: عدم استيعابه لبعض القضايا النحوية والصرفية. || فاشل بشكل كبير في النواحي النحوية والصرفية، ولا أجد له أدنى فائدة في هذين الجانبين. | H48: T2 | M48: conditional | N48: =IF($M48="","",IF($M48=$C48,"match","OVERRIDE")) -> match | O48: T2 | P48: =IF($O48="","",IF($O48=$H48,"match","OVERRIDE")) -> match | Q48: high
A49: P048 | B49: الاعتمادية 💯 | C49: dependency | G49: الحصول على الإجابات الدقيقة وخصوصا في الجانب الأدبي || في مقرر أدب عمان بحكم أن القصائد أدباء عمان نادرا ما تجد لها تحليلا؛ فكان حتى الذكاء الاصطناعي لا يعطيني إجابات دقيقة للتحليل. | H49: T1 | M49: dependency | N49: =IF($M49="","",IF($M49=$C49,"match","OVERRIDE")) -> match | O49: T1 | P49: =IF($O49="","",IF($O49=$H49,"match","OVERRIDE")) -> match | Q49: high
A50: P049 | B50: يعزز الابتكار | C50: innovation | G50: عدم وجود مصادر موثوقة للمعلومة+ ضعف اللغة العربية بالنسبة للذكاء الاصطناعي || عدم معرفته بقواعد النحو بنسبة ١٠٠٪؜ | H50: T2,T4 | M50: innovation | N50: =IF($M50="","",IF($M50=$C50,"match","OVERRIDE")) -> match | O50: T2,T4 | P50: =IF($O50="","",IF($O50=$H50,"match","OVERRIDE")) -> match | Q50: high
A51: P050 | B51: الاثنين معّا ويعتمد ذلك على استخدام الطالب نفسه | C51: conditional | G51: لا يعطيني معلومات دقيقة || في النحو ، دائمّا ما يخطئ في فهم القواعد وشرحها | H51: T1,T2 | M51: conditional | N51: =IF($M51="","",IF($M51=$C51,"match","OVERRIDE")) -> match | O51: T1,T2 | P51: =IF($O51="","",IF($O51=$H51,"match","OVERRIDE")) -> match | Q51: high
A52: P051 | B52: هذا وهذا | C52: uncodable | G52: - || يهرف بما لا يعرف في النحو والاشتقاق | H52: T1,T2 | M52: conditional | N52: =IF($M52="","",IF($M52=$C52,"match","OVERRIDE")) -> OVERRIDE | O52: T1,T2 | P52: =IF($O52="","",IF($O52=$H52,"match","OVERRIDE")) -> match | Q52: high | R52: 'هذا وهذا' = this and that, i.e. both. Codebook puts 'both' under conditional. Suggestion said uncodable, but 'كلاهما' (P009/P025) was coded conditional - same meaning.
A53: P052 | B53: على حسب طريقة إستخدامه فإذا كان لتحيل نصوص خارجية لفهم معمق لها فذلك يعزز الابتكار أما إذا كان للإنتهاء من الأعمال بشكل أسرع فذلك مؤدي إلى الأعتمادية | C53: conditional | G53: معرفة مدى دقة المعلومة المقدمة من التطبيق || التحليل الخطئ لبعض الأبيات في مجال البلاغة | H53: T1,T2 | M53: conditional | N53: =IF($M53="","",IF($M53=$C53,"match","OVERRIDE")) -> match | O53: T1,T2 | P53: =IF($O53="","",IF($O53=$H53,"match","OVERRIDE")) -> match | Q53: med | R53: 'معرفة مدى دقة المعلومة المقدمة' could be read as appraisal skill (T5). Confirmed T1,T2 without it.
A54: P053 | B54: هو "سلاح ذو حدين"؛ فقد يؤدي للاعتمادية إذا اكتفى الطالب بالمخرجات الجاهزة، لكنه يعزز الابتكار إذا استُخدم كـ "مساعد بحثي" لتوليد أفكار أولية، أو للمقارنة بين النصوص، أو لتنظيم البيانات الضخمة، مما يفرغ ذهن الباحث للتحليل الإبداعي العميق. | C54: conditional | G54: أبرز التحديات هي "عدم الدقة في ضبط النصوص وتشكيلها" بشكل صحيح تماماً، بالإضافة إلى ضعف قدرة بعض الأدوات على فهم "المجاز والكناية" وخصوصية الأدب العربي القديم، مما قد يؤدي إلى تفسيرات سطحية أو خاطئة أحياناً. || واجهتُ تجربة قام فيها الذكاء الاصطناعي بـ "اختلاق" أبيات شعرية ونسبها لشاعر جاهلي، أو خلطه بين قواعد النحو لمدرسة البصرة والكوفة في مسألة خلافية واحدة، مما جعلني أدرك أهمية التحقق من المصادر وعدم التسليم المطلق بصحة النتائج. | H54: T1,T2,T3 | M54: conditional | N54: =IF($M54="","",IF($M54=$C54,"match","OVERRIDE")) -> match | O54: T1,T2,T3 | P54: =IF($O54="","",IF($O54=$H54,"match","OVERRIDE")) -> match | Q54: high
A55: P054 | B55: يعزز الابتكار | C55: innovation | G55: التقانة || لايوجد | H55: T9 | M55: innovation | N55: =IF($M55="","",IF($M55=$C55,"match","OVERRIDE")) -> match | O55: T9 | P55: =IF($O55="","",IF($O55=$H55,"match","OVERRIDE")) -> match | Q55: high
A56: P055 | B56: بعزز الابتكار | C56: innovation | G56: عدم استيعابه للغة العربية وقواعدها || عدم وجود مصادر دقيقة تثبت المعلومة | H56: T2,T4 | M56: innovation | N56: =IF($M56="","",IF($M56=$C56,"match","OVERRIDE")) -> match | O56: T2,T4 | P56: =IF($O56="","",IF($O56=$H56,"match","OVERRIDE")) -> match | Q56: high
A57: P056 | B57: في الحقيقة ارى انه الاعتمادية أشتقت التفكير بمفردي | C57: dependency | G57: عدم الدقه كونه ضعيف في العربية || الاجابات الخاطئة لشات جي بي تي | H57: T1,T2 | M57: dependency | N57: =IF($M57="","",IF($M57=$C57,"match","OVERRIDE")) -> match | O57: T1,T2 | P57: =IF($O57="","",IF($O57=$H57,"match","OVERRIDE")) -> match | Q57: high
A58: P057 | B58: لا اعلم حسب | C58: uncodable | G58: عدم الدقة في المعلومات، تحديد بالضبط ما اريد من الذكاء الصناعي || دايما اواجة سلبية | H58: T1,T5 | M58: uncodable | N58: =IF($M58="","",IF($M58=$C58,"match","OVERRIDE")) -> match | O58: T1,T5 | P58: =IF($O58="","",IF($O58=$H58,"match","OVERRIDE")) -> match | Q58: high
A59: P058 | B59: الاثنين | C59: uncodable | G59: دقة المعلومات || عدم دقة المعلومات | H59: T1 | M59: conditional | N59: =IF($M59="","",IF($M59=$C59,"match","OVERRIDE")) -> OVERRIDE | O59: T1 | P59: =IF($O59="","",IF($O59=$H59,"match","OVERRIDE")) -> match | Q59: high | R59: 'الاثنين' = both. Same phrase family as 'الاثنان معا' (P067) and 'الاثنين معا' (P118), both coded conditional. Suggestion said uncodable.
A60: P059 | B60: الاعتمادية وبشدة | C60: dependency | G60: أحيانا يكون غبيا لا يفهم || يحلل على راسه ويقلب المعاني فوق تحت | H60: T1 | M60: dependency | N60: =IF($M60="","",IF($M60=$C60,"match","OVERRIDE")) -> match | O60: T1 | P60: =IF($O60="","",IF($O60=$H60,"match","OVERRIDE")) -> match | Q60: high
A61: P060 | B61: يعزز الإبتكار و تفكير نقدي | C61: innovation | G61: معلوماته عام و لم يتعمق في اللغة العربية بشكل كبير و نقص كبير في تحليل النصوص || ضعيفه في شرح النصوص الأدبية | H61: T1,T2 | M61: innovation | N61: =IF($M61="","",IF($M61=$C61,"match","OVERRIDE")) -> match | O61: T1,T2 | P61: =IF($O61="","",IF($O61=$H61,"match","OVERRIDE")) -> match | Q61: high
A62: P061 | B62: بالاستخدام الصحيح قد يعزز الابتكار، لكن إذا استُخدم بشكل اتكّالي فإنه قاتل للابداع. | C62: conditional | G62: الموثوقية والأمانة العلمية. || طلبت من إحدى المنصات اختيار قصيدة من الديوان المطبوع عندي وقام بإنشاء قصيدة فقط لكي يجاوب على السؤال. | H62: T3 | M62: conditional | N62: =IF($M62="","",IF($M62=$C62,"match","OVERRIDE")) -> match | O62: T1,T3 | P62: =IF($O62="","",IF($O62=$H62,"match","OVERRIDE")) -> OVERRIDE | Q62: med | R62: 'الموثوقية والأمانة العلمية' -> T1; the platform inventing a poem to answer -> T3. Suggestion had T3 only.
A63: P062 | B63: هو وسط بين هذ وذاك ويرجع في الأخير إلى كيفية استعمال الشخص له والغرض والهدف منه فقد يؤدي إلى الاعتمادية بشكل كبير إذا استعمله الشخص وقام بنسخ المعلومات ونسقها دون قراءتها ومعالجتها وخصوصا في آداء البحوث وقد يستخدمه الشخص في تلقي الأفكار فقط بينهما يقول بمعالجتها وتحليلها بنفسه فقد يدفعه ذلك للابتكار والاعتماد على النفس | C63: conditional | G63: المعلومات غير دقيقة في بعض الأحيان ، ولا يتناول التحليل العميق || في تحليل النصوص وفهم المعنى العام من البيت فيساعد على تحليله وفهمه بلاغيا | H63: T1 | M63: conditional | N63: =IF($M63="","",IF($M63=$C63,"match","OVERRIDE")) -> match | O63: T1,T2 | P63: =IF($O63="","",IF($O63=$H63,"match","OVERRIDE")) -> OVERRIDE | Q63: low | R63: 'لا يتناول التحليل العميق' of Arabic texts -> T2 under rule R-T2a. Note the second half of this response is positive about rhetorical analysis and states no barrier.
A64: P063 | B64: يعزز الابتكار وفي بعض الاستخدامات الخاطئة يؤدي إلى الاعتمادية | C64: conditional | G64: من أبرز التحديات صعوبة التأكد من دقة بعض المعلومات أحيانًا، خاصة في التحليل الأدبي أو الشروح اللغوية، إضافة إلى أن بعض الأدوات تقدّم إجابات عامة لا تراعي مستوى الطالب أو متطلبات المقرر. كما قد يكون من الصعب الحصول على مصادر موثوقة واضحة، أو استخدام التطبيقات بطريقة تساعد على الفهم الحقيقي بدل الاعتماد الكامل عليها. || من التجارب السلبية التي واجهتها أن بعض أدوات الذكاء الاصطناعي كانت تقدّم أحيانًا تحليلات أدبية أو إعرابية غير دقيقة، مما سبّب لي التباسًا أثناء الدراسة | H64: T1,T2,T4 | M64: conditional | N64: =IF($M64="","",IF($M64=$C64,"match","OVERRIDE")) -> match | O64: T1,T2,T4 | P64: =IF($O64="","",IF($O64=$H64,"match","OVERRIDE")) -> match | Q64: high
A65: P064 | B65: لا | C65: uncodable | G65: صعوبتها || خطا في المعلومات | H65: T1 | M65: uncodable | N65: =IF($M65="","",IF($M65=$C65,"match","OVERRIDE")) -> match | O65: T1 | P65: =IF($O65="","",IF($O65=$H65,"match","OVERRIDE")) -> match | Q65: med | R65: 'صعوبتها' is too vague to place; confirmed T1 on the strength of the second clause only.
A66: P065 | B66: الاعتمادية | C66: dependency | G66: لاتوجد || تحليل الشعر بشكل غير صحيح | H66: T1 | M66: dependency | N66: =IF($M66="","",IF($M66=$C66,"match","OVERRIDE")) -> match | O66: T1,T2 | P66: =IF($O66="","",IF($O66=$H66,"match","OVERRIDE")) -> OVERRIDE | Q66: low | R66: 'تحليل الشعر بشكل غير صحيح' - poetry analysis is an Arabic literary domain -> T2 under R-T2a.
A67: P066 | B67: يعزز من الإبتكار لأن الطالب يعتمد على نفسه في إستخراج المعلومات وقد تترسخ في باله عندما يبحثها بنفسه ويمكن الرجوع إلى المعلومة في أي وقت وحين | C67: innovation | G67: لا توجد تحديات فعلية يمكن إعتبارها تحديات خفيفة وطفيفة || ربما عندما يحل بشكل خاطئ في أسئلة سهلة | H67: T1 | M67: innovation | N67: =IF($M67="","",IF($M67=$C67,"match","OVERRIDE")) -> match | O67: T1 | P67: =IF($O67="","",IF($O67=$H67,"match","OVERRIDE")) -> match | Q67: high
A68: P067 | B68: الاثنان معا | C68: conditional | G68: لا يلم بمعظم علوم اللغة العربية || لا يلم بعلوم النحو والصرف والبلاغة والعروض | H68: T2 | M68: conditional | N68: =IF($M68="","",IF($M68=$C68,"match","OVERRIDE")) -> match | O68: T2 | P68: =IF($O68="","",IF($O68=$H68,"match","OVERRIDE")) -> match | Q68: high
A69: P068 | B69: محايد | C69: uncodable | G69: عدم دقة المعلومات || مراجع وهمية وابيات شعر مبتكرة | H69: T1,T3,T4 | M69: uncodable | N69: =IF($M69="","",IF($M69=$C69,"match","OVERRIDE")) -> match | O69: T1,T3,T4 | P69: =IF($O69="","",IF($O69=$H69,"match","OVERRIDE")) -> match | Q69: high
A70: P069 | B70: يعزز الابتكار اذا حسن استخدامه | C70: conditional | G70: ضعف فهم الذكاء الاصطناعي للغة العربية || - | H70: T1 | M70: conditional | N70: =IF($M70="","",IF($M70=$C70,"match","OVERRIDE")) -> match | O70: T2 | P70: =IF($O70="","",IF($O70=$H70,"match","OVERRIDE")) -> OVERRIDE | Q70: high | R70: 'ضعف فهم الذكاء الاصطناعي للغة العربية' names Arabic comprehension. Suggestion T1.
A71: P070 | B71: يعزز الابتكار | C71: innovation | G71: المعرفة || كتابة الشعر | H71: T9 | M71: innovation | N71: =IF($M71="","",IF($M71=$C71,"match","OVERRIDE")) -> match | O71: T9 | P71: =IF($O71="","",IF($O71=$H71,"match","OVERRIDE")) -> match | Q71: med | R71: 'المعرفة || كتابة الشعر' - neither clause clearly states a barrier. T9 by default.
A72: P071 | B72: بالطبع الاعتمادية | C72: dependency | G72: لا اعلم؛ لا استخدمه لكن ممكن أن يكون دقة المعلومات || حقيقةً، لا يوجد تجربة كاملة لكن في البداية كنت استخدمه لشرح بعض النقاط وهذا أدى إلى أن حين أواجه نص أواجه صعوبة في تحليله. | H72: T1,T9 | M72: dependency | N72: =IF($M72="","",IF($M72=$C72,"match","OVERRIDE")) -> match | O72: T1 | P72: =IF($O72="","",IF($O72=$H72,"match","OVERRIDE")) -> OVERRIDE | Q72: high | R72: Dropped T9: it co-occurred with T1 in the suggestion, which rule R-T9 forbids.
A73: P072 | B73: يعزز الابتكاريع | C73: innovation | G73: وايد تحديات || ما يعرف يعرب | H73: T2 | M73: innovation | N73: =IF($M73="","",IF($M73=$C73,"match","OVERRIDE")) -> match | O73: T2 | P73: =IF($O73="","",IF($O73=$H73,"match","OVERRIDE")) -> match | Q73: high
A74: P073 | B74: يعزز الابتكار إذا استُخدم كأداة "مساعدة" للبحث والتحليل، لكنه قد يؤدي للاعتمادية إذا استُخدم كبديل كلي عن التفكير النقدي والجهد الشخصي. | C74: conditional | G74: ضعف الدقة في التعامل مع القواعد النحوية المعقدة، ومحدودية قدرة الأدوات الحالية على فهم السياقات البلاغية العميقة للنصوص التراثية. || الحصول على إجابات تحتوي على "هلوسة لغوية"، مثل ابتكار قواعد نحوية غير صحيحة أو نسب أبيات شعرية لشعراء لم يكتبوها. | H74: T1,T2,T3 | M74: conditional | N74: =IF($M74="","",IF($M74=$C74,"match","OVERRIDE")) -> match | O74: T1,T2,T3 | P74: =IF($O74="","",IF($O74=$H74,"match","OVERRIDE")) -> match | Q74: high
A75: P074 | B75: يعتمد على كيفية استخدامه في بعض الأحيان يكون استعمالك للذكاء الاصطناعية من الأساس يعتبر إبتكار وفردية | C75: conditional | G75: صعوبة الحصول على المعلومات الدقيقة جدا وصعوبة تعقب الإجابة النموذجية منه || خروجه عن السياق بعد اكثر من محادثة حيث يظهر الى سياق اخر تماما لا يعلم مدى حدود المحادثة أو العلم الذي يملكه المستخدم حيث يتعمق في الكثير من الأحيان | H75: T1 | M75: conditional | N75: =IF($M75="","",IF($M75=$C75,"match","OVERRIDE")) -> match | O75: T1 | P75: =IF($O75="","",IF($O75=$H75,"match","OVERRIDE")) -> match | Q75: high
A76: P075 | B76: إذا اعتمد الإنسان عليه بشكل كامل بدون تفكير فقد يضعف مهاراته العقلية وسيكون أقل القدرة على الإبداع الابتكار | C76: conditional | G76: عدم دقه المعلومات التي يقدمها و كذلك عدم فهمه للقواعد العربيه || ‏عدم دقة المعلومات التاريخية التي يعطيها وكذلك يخلط بين القواعد العربية وخاصة الأساليب البلاغية | H76: T1,T2 | M76: conditional | N76: =IF($M76="","",IF($M76=$C76,"match","OVERRIDE")) -> match | O76: T1,T2 | P76: =IF($O76="","",IF($O76=$H76,"match","OVERRIDE")) -> match | Q76: high
A77: P076 | B77: لا اعلم | C77: uncodable | G77: عدم الدقة || لا يوجد | H77: T1 | M77: uncodable | N77: =IF($M77="","",IF($M77=$C77,"match","OVERRIDE")) -> match | O77: T1 | P77: =IF($O77="","",IF($O77=$H77,"match","OVERRIDE")) -> match | Q77: high
A78: P077 | B78: يعزز الابتكار | C78: innovation | G78: الإجابات غير دقيقة || لا توجد | H78: T1 | M78: innovation | N78: =IF($M78="","",IF($M78=$C78,"match","OVERRIDE")) -> match | O78: T1 | P78: =IF($O78="","",IF($O78=$H78,"match","OVERRIDE")) -> match | Q78: high
A79: P078 | B79: كلاهما ، الأمر معتمد على طريقة الاستخدام. | C79: conditional | G79: عدم الدقة + معلومات خاطئة || ١- معاني خاطئة ٢- شرح الأبيات بشكل خاطئ ٣- إعراب الجمل بشكل خاطئ ٤- عدم استجابته عند طلب مصادر عربية لموضوع ما | H79: T1,T2,T4 | M79: conditional | N79: =IF($M79="","",IF($M79=$C79,"match","OVERRIDE")) -> match | O79: T1,T2,T4 | P79: =IF($O79="","",IF($O79=$H79,"match","OVERRIDE")) -> match | Q79: high
A80: P079 | B80: على حسب الفرد، يمكن أن يتشاركا العلمية الإبداعية، فالآلة والذكاء الاصطناعي وحده لا يجلبُ إبداعًا، إنما هو يحلل ويخطط ويقترح أسرعن لكن الجانب الإبداعي والتفكيري يكون عنج الإنسان، وإذا استخدمه الإنسان بطريقة صحيحة يمكن أن يصل لدرجة كبيرة من الإتقان والإبتكار والإبداع. | C80: conditional | G80: صعوبة فهمه للعربية، ويجب إدخال معلومات صحيحة له، لأنه قد يأتي بعلمٍ وحده، أو يفسّر شيئًا خاطئًا بطريقة تجعلك تقتنع به، وكذلك محدودية الوصول المجاني || لا يستطيع تحليل الأبيات الشعرية، عندما لم أجد شرحًا لا في الكتب ولا في الشبكة المعلوماتية، استنعت بالذكاء، لكنه لا يحلل بشكل صحيح | H80: T1,T2,T8 | M80: conditional | N80: =IF($M80="","",IF($M80=$C80,"match","OVERRIDE")) -> match | O80: T1,T2,T8 | P80: =IF($O80="","",IF($O80=$H80,"match","OVERRIDE")) -> match | Q80: high
A81: P080 | B81: سلاح ذو حدين | C81: conditional | G81: عدم دقة المعلومات أحيانا || يعطيني أبيات من تأليفه | H81: T1,T3 | M81: conditional | N81: =IF($M81="","",IF($M81=$C81,"match","OVERRIDE")) -> match | O81: T1,T3 | P81: =IF($O81="","",IF($O81=$H81,"match","OVERRIDE")) -> match | Q81: high
A82: P081 | B82: يعزز الابتكار والفردية | C82: innovation | G82: معلومات غير دقيقة ومعظمها خاطئة || أبيات شعرية غير موجودة | H82: T1,T3 | M82: innovation | N82: =IF($M82="","",IF($M82=$C82,"match","OVERRIDE")) -> match | O82: T1,T3 | P82: =IF($O82="","",IF($O82=$H82,"match","OVERRIDE")) -> match | Q82: high
A83: P082 | B83: يعتمد على الطالب. | C83: conditional | G83: صعوبة فهمه للفكرة التي أريد إيصالها له || . | H83: T5 | M83: conditional | N83: =IF($M83="","",IF($M83=$C83,"match","OVERRIDE")) -> match | O83: T5 | P83: =IF($O83="","",IF($O83=$H83,"match","OVERRIDE")) -> match | Q83: high
A84: P083 | B84: يعزز الابتكار والفردية | C84: innovation | G84: محدودية استخدام الصور فيها || لا يوجذد | H84: T9 | M84: innovation | N84: =IF($M84="","",IF($M84=$C84,"match","OVERRIDE")) -> match | O84: T8 | P84: =IF($O84="","",IF($O84=$H84,"match","OVERRIDE")) -> OVERRIDE | Q84: low | R84: 'محدودية استخدام الصور فيها' = limits on image use -> T8 under R-T8. Suggestion T9.
A85: P084 | B85: يختلف ذلك بين طالب وآخر هناك من يتّكل عليهِ في صغيرهِ وكبيرهِ وهناك من يجعله أداةً للإبداع واكتساب المهارات | C85: conditional | G85: لا يقول (لا أعلم)، وإن كانت إجابته خاطئة، ولكن غالبًا لدي علمٌ كافٍ لتمييز ما إن كانت إجابته صحيحةً أم خاطئة || عدم إلمامه بالمعلومات الأدبية واللغوية كلّها | H85: T1 | M85: conditional | N85: =IF($M85="","",IF($M85=$C85,"match","OVERRIDE")) -> match | O85: T1,T2 | P85: =IF($O85="","",IF($O85=$H85,"match","OVERRIDE")) -> OVERRIDE | Q85: med | R85: 'عدم إلمامه بالمعلومات الأدبية واللغوية' names literary/linguistic knowledge -> T2, missed.
A86: P085 | B86: الإعتمادية | C86: dependency | G86: عدم دقة المعلومات || - | H86: T1 | M86: dependency | N86: =IF($M86="","",IF($M86=$C86,"match","OVERRIDE")) -> match | O86: T1 | P86: =IF($O86="","",IF($O86=$H86,"match","OVERRIDE")) -> match | Q86: high
A87: P086 | B87: يعزز الابتكار والفردية | C87: innovation | G87: عدم مناسبته أحيانا لموضوعات دراستنا حيث يوجد أخطاء كثيرة في استجابته. || عدم إلمامه بالظواهر اللغوية أحيانا؛ فيكرر الكلام دون الوصول إلى نتيجة. | H87: T1,T2 | M87: innovation | N87: =IF($M87="","",IF($M87=$C87,"match","OVERRIDE")) -> match | O87: T1,T2 | P87: =IF($O87="","",IF($O87=$H87,"match","OVERRIDE")) -> match | Q87: high
A88: P087 | B88: أرى أنه يعتمد على كيفية الإستخدام | C88: conditional | G88: دقة الإجابات و ندرة المراجع الموثوقة التي يعتمد عليها الذكاء الاصطناعي في الإجابة || عندما طلبت من الذكاء الاصطناعي ان يحل لي سؤال نحوي يجمع بين أكثر من قاعدة لم يستطع حله بالشكل الصحيح | H88: T1,T2,T4 | M88: conditional | N88: =IF($M88="","",IF($M88=$C88,"match","OVERRIDE")) -> match | O88: T1,T2,T4 | P88: =IF($O88="","",IF($O88=$H88,"match","OVERRIDE")) -> match | Q88: high
A89: P088 | B89: الاعتمادية طبعا | C89: dependency | G89: لا أستطيع معرفة صحة الإجابة من خطئها || - | H89: T5 | M89: dependency | N89: =IF($M89="","",IF($M89=$C89,"match","OVERRIDE")) -> match | O89: T5 | P89: =IF($O89="","",IF($O89=$H89,"match","OVERRIDE")) -> match | Q89: high
A90: P089 | B90: الاعتمادية | C90: dependency | G90: الاعتماد عليه أحيانا مثلا في تحليل نص أدبي يحد من قدرتك على التفكير ويقيدك بما هو موجود أمامك من شرح أو إيضاح أو تحليل || عدم الدقة فيه خاصة في الإعراب والبلاغة | H90: T1,T2 | M90: dependency | N90: =IF($M90="","",IF($M90=$C90,"match","OVERRIDE")) -> match | O90: T1,T2 | P90: =IF($O90="","",IF($O90=$H90,"match","OVERRIDE")) -> match | Q90: med | R90: Over-reliance harming thinking has no T1-T8 home; coded on the إعراب/بلاغة clause only. See G3.
A91: P090 | B91: يعزز الابتكار | C91: innovation | G91: أحيانًا يعطي معلومات غير دقيقة أو غير موثوقة || يقدّم شرحًا أو إعرابًا غير دقيق لبعض النصوص العربية، خاصة في القواعد والبلاغة، مما سبب لي فهمًا خاطئًا | H91: T1,T2 | M91: innovation | N91: =IF($M91="","",IF($M91=$C91,"match","OVERRIDE")) -> match | O91: T1,T2 | P91: =IF($O91="","",IF($O91=$H91,"match","OVERRIDE")) -> match | Q91: high
A92: P091 | B92: يعزز الابتكارية والفردية في ضوء المسموح... | C92: innovation | G92: عدم توافق الذكاء الاصطناعي مع مدخلاتي، وإعطاء نتيجة بعيدة من المطلوب. || إنشاء بيوت شعرية غير موجودة قام الذكاء بتوليدها من عقله. | H92: T1,T3 | M92: innovation | N92: =IF($M92="","",IF($M92=$C92,"match","OVERRIDE")) -> match | O92: T1,T3 | P92: =IF($O92="","",IF($O92=$H92,"match","OVERRIDE")) -> match | Q92: med | R92: 'في ضوء المسموح' is an institutional permission caveat, not a usage condition - kept innovation.
A93: P092 | B93: يعزز الابتكار | C93: innovation | G93: . || الخلط بي القواعد النحوية والبلاغية والصرفية | H93: T2 | M93: innovation | N93: =IF($M93="","",IF($M93=$C93,"match","OVERRIDE")) -> match | O93: T2 | P93: =IF($O93="","",IF($O93=$H93,"match","OVERRIDE")) -> match | Q93: high
A94: P093 | B94: الاثنان معًا يعتمد على الفرد نفسه | C94: conditional | G94: عدم دقة معلومات الذكاء الاصطناعي || المعلومات المغلوطة | H94: T1 | M94: conditional | N94: =IF($M94="","",IF($M94=$C94,"match","OVERRIDE")) -> match | O94: T1 | P94: =IF($O94="","",IF($O94=$H94,"match","OVERRIDE")) -> match | Q94: high
A95: P094 | B95: أرى أنّه يعود لمستخدم الذكاء الاصطناعيّ، فإذا كان معتمدا تماما على هذه البرامج دون تنقيح ما يحصل عليه من معلومات، وإشغال فكره في التأكد من صحتها فإن ذلك يؤدي إلى الاعتماديّة، أمّا إذا كانت برامج الذكاء تُستعمل لمساعدة المستخدم على أداء عمله، أو وضع تصورات يمكن الانطلاق منها، وما إلى ذلك فإنها تعزز الابتكار. | C95: conditional | G95: دقة المعلومات، إعطاء مراجع وهميّة أحيانا، غالبية برامج الذكاء تدعم البحث باللغة الإنجليزيّة. || في شرح أمثلة نظريات لسانيّة وردت في كتاب مترجم قديم، لم يقدم شرحا دقيقا للأمثلة. | H95: T1,T4,T6 | M95: conditional | N95: =IF($M95="","",IF($M95=$C95,"match","OVERRIDE")) -> match | O95: T1,T4,T6 | P95: =IF($O95="","",IF($O95=$H95,"match","OVERRIDE")) -> match | Q95: high
A96: P095 | B96: من وجهة نظري أرى بأنه يؤدِّي إلى الاعتمادية | C96: dependency | G96: لا توجد تحديات كل شيء أصبح سهلا مع وجود الذكاء الاصطناعي || أحيانا تظهر إعرابات خاطئة | H96: T2 | M96: dependency | N96: =IF($M96="","",IF($M96=$C96,"match","OVERRIDE")) -> match | O96: T2 | P96: =IF($O96="","",IF($O96=$H96,"match","OVERRIDE")) -> match | Q96: high
A97: P096 | B97: قد يؤدي إلى الاعتمادية عند استخدامه بشكل مبالغ، ولكنه أحيانًا يعزز من الابتكار عندما يبدأ بإعطائك أفكار إضافية على فكرتك الأساسية مما يعزز من قوتها. | C97: conditional | G97: الحصول على معلومات غير موثوقة. || شرح سطحي للأبيات الشعرية، وكذلك بالنسبة للبلاغة، كما أنه يخلط كثيرًا بين قواعد النحو والصرف. | H97: T1,T2 | M97: conditional | N97: =IF($M97="","",IF($M97=$C97,"match","OVERRIDE")) -> match | O97: T1,T2 | P97: =IF($O97="","",IF($O97=$H97,"match","OVERRIDE")) -> match | Q97: high
A98: P097 | B98: يعزز الابتكار بس محد عاطي هالشي اهتمام | C98: innovation | G98: ما يحل صح || مرات المعلومات تكون خطأ | H98: T1 | M98: innovation | N98: =IF($M98="","",IF($M98=$C98,"match","OVERRIDE")) -> match | O98: T1 | P98: =IF($O98="","",IF($O98=$H98,"match","OVERRIDE")) -> match | Q98: high
A99: P098 | B99: احايد هذا الرأي لأنه له الدورين حقيقةً | C99: uncodable | G99: عدم صحة المعلومات ١٠٠٪؜ || اختلاف الاراء | H99: T1 | M99: conditional | N99: =IF($M99="","",IF($M99=$C99,"match","OVERRIDE")) -> OVERRIDE | O99: T1 | P99: =IF($O99="","",IF($O99=$H99,"match","OVERRIDE")) -> match | Q99: high | R99: 'احايد هذا الرأي لأنه له الدورين حقيقةً' = I stay neutral because it genuinely has both roles. The clause after لأنه is an explicit 'both' statement, not an absence of stance.
A100: P099 | B100: يعزز | C100: innovation | G100: لا تستطيع إفادتي في البلاغة || لم أواجه حقيقة | H100: T2 | M100: innovation | N100: =IF($M100="","",IF($M100=$C100,"match","OVERRIDE")) -> match | O100: T2 | P100: =IF($O100="","",IF($O100=$H100,"match","OVERRIDE")) -> match | Q100: high
...

Sheet run_findings
A1: Findings from the inter-model run of 2026-09-04
A2: Read this before writing up. Inter-model agreement is not intercoder reliability; these findings describe how two models behaved, not whether the codes are correct.
A4: CONFIGURATION
A5: annotator A | B5: openai:gpt-5.5 | D5: coded 141 of 145
A6: annotator B | B6: gemini:gemini-2.5-pro | D6: coded 145 of 145
A7: adjudicator | B7: gemini:gemini-3-flash-preview | D7: 22 disputed units; saw codes anonymised and order-shuffled, never model identity
A8: independence caveat | D8: Annotator B and the adjudicator are the same lab. This is a pilot configuration, not three independent annotators. Replace one with a third lab before reporting as such.
A10: HEADLINE FIGURES
A11: units coded by both | B11: 141 | C11: of 145 | D11: 4 units lost to empty responses — see below
A12: stance agreement | B12: 0.9929 | C12: alpha 0.9892 | D12: At ceiling. Interrogate rather than report flat: see the keyword-trap test below.
A13: themes exact-set | B13: 0.8511 | C13: alpha 0.8319 | D13: All real disagreement lives here.
A15: MISSING UNITS — all four from annotator A
A16: participant_id | B16: A | C16: B | D16: stance_text
A17: P029 | B17: (empty) | C17: innovation | D17: قد يعزز الابتكار والفرديه على المدى الطويل
A18: P046 | B18: (empty) | C18: dependency | D18: الاعتمادية
A19: P053 | B19: (empty) | C19: conditional | D19: هو "سلاح ذو حدين"؛ فقد يؤدي للاعتمادية إذا اكتفى الطالب بالمخرجات الجاهزة، لكنه يعزز الابتكار إذا استُخدم كـ "مساعد بحثي
A20: P091 | B20: (empty) | C20: conditional | D20: يعزز الابتكارية والفردية في ضوء المسموح...
D21: Not random: every failure is GPT, none is Gemini. Re-run these four, or report n=141 and state the loss.
A23: KEYWORD-TRAP TEST — does agreement reflect the rules or shared surface bias?
A24: participant_id | B24: rule-correct | C24: suggestion said | D24: A / B / verdict
A25: P005 | B25: dependency (R-S3 negation) | C25: (blank) | D25: A=dependency B=dependency -> both correct
A26: P051 | B26: conditional (R-S1 bare both) | C26: uncodable | D26: A=conditional B=conditional -> both correct
A27: P058 | B27: conditional (R-S1 bare both) | C27: uncodable | D27: A=conditional B=conditional -> both correct
A28: P098 | B28: conditional (R-S1 bare both) | C28: uncodable | D28: A=conditional B=conditional -> both correct
A29: P139 | B29: conditional (R-S1 bare both) | C29: uncodable | D29: A=conditional B=conditional -> both correct
D30: All five correct, and all five diverge from the suggestion layer in the direction the rules require. Surface-keyword anchoring would have reproduced the suggestion layer's errors instead. This is the evidence that the stance alpha is not merely shared bias.
A32: INDEPENDENT CHECK ON THE 30 THEME OVERRIDES
A33: models backed the override | B33: 21 | D33: Both models, blind, reached the code the audit proposed.
A34: models backed the suggestion | B34: 0 | D34: Not once did they side with the layer flagged as inconsistent.
A35: models chose a third code | B35: 3 | D35: All three were medium-confidence overrides.
A36: of the 21: marked low-confidence | B36: 7 | D36: The rules held up better than the confidence ratings did.
A38: WHERE THE DISPUTES ACTUALLY FELL
A39: theme | B39: times in dispute | D39: comment
A40: T5 | B40: 8 | D40: The real fault line. Cause of amendment R-T5b.
A41: T1 | B41: 6 | D41: Expected.
A42: T2 | B42: 3 | D42: Far less than predicted.
A43: T3 | B43: 2
A44: T7 | B44: 1
A45: T4 | B45: 1
A46: T6 | B46: 1
A47: stance disputes | B47: 1 | D47: P123 only. Adjudicator ruled conditional under R-S4; the suggestion layer and the audit pass both said innovation. Good candidate for the human subset.

Sheet recode_queue
A1: Units to re-run before pooling results
A2: Two groups: calls that returned nothing, and units whose codes depend on the superseded rule R-T5 v1. Re-run these under R-T5b, or exclude them and say so.
A4: participant_id | B4: reason | C4: A_themes | D4: B_themes | E4: barrier_text
A5: P029 | B5: empty response from annotator A | D5: T1,T2 | E5: عدم وجود اداه تجلب معلومات دقيقه عن اللغه العربيه || توليد اعرابات خاطئه وغير منطقيه اصلا
A6: P046 | B6: empty response from annotator A | D6: T1,T2 | E6: الدقة في التحليل اللغوي العميق: رغم تطور النماذج، إلا أنها قد تخفق أحياناً في ضبط "أواخر الكلم" أو إعراب الجمل المعقدة التي تعتمد على السياق البعيد أو
A7: P053 | B7: empty response from annotator A | D7: T2,T3 | E7: أبرز التحديات هي "عدم الدقة في ضبط النصوص وتشكيلها" بشكل صحيح تماماً، بالإضافة إلى ضعف قدرة بعض الأدوات على فهم "المجاز والكناية" وخصوصية الأدب العربي
A8: P091 | B8: empty response from annotator A | D8: T3,T5 | E8: عدم توافق الذكاء الاصطناعي مع مدخلاتي، وإعطاء نتيجة بعيدة من المطلوب. || إنشاء بيوت شعرية غير موجودة قام الذكاء بتوليدها من عقله.
A9: P004 | B9: T5 boundary — depends on superseded R-T5 v1 | C9: T1,T4 | D9: T1,T4,T5 | E9: عدم توفر مصادر موثوقة || عدم الفهم السريع،و قلة الدقة في المعاني
A10: P008 | B10: T5 boundary — depends on superseded R-T5 v1 | C10: T2 | D10: T5 | E10: لا يفهم كثيرا ف اللغة || !
A11: P019 | B11: T5 boundary — depends on superseded R-T5 v1 | C11: T1 | D11: T1,T5 | E11: عدم دقة المعلومات اللتي يقدمها و ضعف الفهم للسياق احيانا || لا توجد
A12: P059 | B12: T5 boundary — depends on superseded R-T5 v1 | C12: T1 | D12: T1,T5 | E12: أحيانا يكون غبيا لا يفهم || يحلل على راسه ويقلب المعاني فوق تحت
A13: P063 | B13: T5 boundary — depends on superseded R-T5 v1 | C13: T1,T2,T4 | D13: T1,T2,T4,T5 | E13: من أبرز التحديات صعوبة التأكد من دقة بعض المعلومات أحيانًا، خاصة في التحليل الأدبي أو الشروح اللغوية، إضافة إلى أن بعض الأدوات تقدّم إجابات عامة لا تر
A14: P064 | B14: T5 boundary — depends on superseded R-T5 v1 | C14: T1 | D14: T1,T5 | E14: صعوبتها || خطا في المعلومات
A15: P134 | B15: T5 boundary — depends on superseded R-T5 v1 | C15: T1 | D15: T1,T5 | E15: الأخطاء || عدم التفكير والأعتماد عليها
A16: P142 | B16: T5 boundary — depends on superseded R-T5 v1 | C16: T1,T4 | D16: T1,T4,T5 | E16: عدم دقة المعلومات، واختلاف الإجابة مع اختلاف صياغة السؤال وإن كانت الفكرة واحدة || عدم الدقة! والمصادر الموهومة!

Sheet validation_sample
A1: Human validation sample - code these blind
A2: The model's codes are deliberately NOT shown on this sheet. If the human coder sees them, the agreement figure is worthless. Code from the Arabic text and the codebook only, then run the comparison below. Stratified random draw, seed 20260904, presented in shuffled order.
A4: participant_id | B4: stance_text | C4: barrier_text | D4: human_stance | E4: human_themes | F4: human_note
A5: P104 | B5: =coding!$B105 -> يؤدي إلى الاعتماديه | C5: =coding!$G105 -> لا توجد تحديات || عدم الدقة في المعلومات التي تقدمها هذه البرامج
A6: P006 | B6: =coding!$B7 -> يعزز الابتكار الفردي | C6: =coding!$G7 -> صعوبة فهمه للغة || لا يفهم قواعد اللغة العربية كثيرًا
A7: P077 | B7: =coding!$B78 -> يعزز الابتكار | C7: =coding!$G78 -> الإجابات غير دقيقة || لا توجد
A8: P019 | B8: =coding!$B20 -> يعتمد على طريقة الاستخدام | C8: =coding!$G20 -> عدم دقة المعلومات اللتي يقدمها و ضعف الفهم للسياق احيانا || لا توجد
A9: P032 | B9: =coding!$B33 -> الابتكار | C9: =coding!$G33 -> لا يتعرف على قواعد العربية || لا يتعمق في الاجابة
A10: P046 | B10: =coding!$B47 -> الاعتمادية | C10: =coding!$G47 -> الدقة في التحليل اللغوي العميق: رغم تطور النماذج، إلا أنها قد تخفق أحياناً في ضبط "أواخر الكلم" أو إعراب الجمل المعقدة التي تعتمد على السياق البعيد أو التقدير (كالمحذوفات والتقديم والتأخير)، مما قد يؤدي لنتائج غير دقيقة في التخصصات اللغوية الدقيقة. || من أبرز التجارب السلبية هي "الهلوسة اللغوية في الإعراب"؛ حيث طلبتُ من الذكاء الاصطناعي إعراب بيت شعري يتضمن "تقديمًا وتأخيرًا" معقدًا، فقام بإعراب الكلمات بشكل منفرد وصحيح ظاهريًا، لكنه أخطأ تمامًا في ربط المعنى، فجعل "الفاعل" "مفعولًا به" لمجرد أنه تقدم عليه في الترتيب. هذه التجربة كانت مربكة لأن الإجابة صيغت بثقة تامة، مما قد يضلل الطالب الذي لا يملك خلفية قوية، وأثبتت لي أن الذكاء الاصطناعي أحيانًا يفتقر إلى "الذوق السياقي"
A11: P111 | B11: =coding!$B112 -> كلاهما، حيث ربما يعتمد عليه الطلاب في استخراج الأفكار والعناوين والمصادر لكنه يعزز من تعزيز فكر الطالب وطريقته للبحث وأن ينظر للأأمور من زاوية أخرى دائمًا | C11: =coding!$G112 -> أنه يعطي أحيانًا معلومات غير دقيقة ويظن أنها صحيحة || عدم دقة المعلومات وأنه أبدًا لا يعترف بالخطأ أو قول لا اعرف الاجابة
A12: P073 | B12: =coding!$B74 -> يعزز الابتكار إذا استُخدم كأداة "مساعدة" للبحث والتحليل، لكنه قد يؤدي للاعتمادية إذا استُخدم كبديل كلي عن التفكير النقدي والجهد الشخصي. | C12: =coding!$G74 -> ضعف الدقة في التعامل مع القواعد النحوية المعقدة، ومحدودية قدرة الأدوات الحالية على فهم السياقات البلاغية العميقة للنصوص التراثية. || الحصول على إجابات تحتوي على "هلوسة لغوية"، مثل ابتكار قواعد نحوية غير صحيحة أو نسب أبيات شعرية لشعراء لم يكتبوها.
A13: P142 | B13: =coding!$B143 -> بالنسبة لي يساعدني في التحليل والابتكار وسعة الأفق | C13: =coding!$G143 -> عدم دقة المعلومات، واختلاف الإجابة مع اختلاف صياغة السؤال وإن كانت الفكرة واحدة || عدم الدقة! والمصادر الموهومة!
A14: P138 | B14: =coding!$B139 -> يعتمد على استخدام الشخص | C14: =coding!$G139 -> عدم توفرها بالجودة العالية || لا يجيد اللغة العربية جيدا
A15: P079 | B15: =coding!$B80 -> على حسب الفرد، يمكن أن يتشاركا العلمية الإبداعية، فالآلة والذكاء الاصطناعي وحده لا يجلبُ إبداعًا، إنما هو يحلل ويخطط ويقترح أسرعن لكن الجانب الإبداعي والتفكيري يكون عنج الإنسان، وإذا استخدمه الإنسان بطريقة صحيحة يمكن أن يصل لدرجة كبيرة من الإتقان والإبتكار والإبداع. | C15: =coding!$G80 -> صعوبة فهمه للعربية، ويجب إدخال معلومات صحيحة له، لأنه قد يأتي بعلمٍ وحده، أو يفسّر شيئًا خاطئًا بطريقة تجعلك تقتنع به، وكذلك محدودية الوصول المجاني || لا يستطيع تحليل الأبيات الشعرية، عندما لم أجد شرحًا لا في الكتب ولا في الشبكة المعلوماتية، استنعت بالذكاء، لكنه لا يحلل بشكل صحيح
A16: P065 | B16: =coding!$B66 -> الاعتمادية | C16: =coding!$G66 -> لاتوجد || تحليل الشعر بشكل غير صحيح
A17: P025 | B17: =coding!$B26 -> كلاهما | C17: =coding!$G26 -> عدم الدقة في المعلومات-كثرة الأخطاء || معلومة خاطئة
A18: P014 | B18: =coding!$B15 -> الآثنين معاً | C18: =coding!$G15 -> قلة المعرفه به و المعلومات المغلوطه || التحليل الغير دقيق مثلا
A19: P024 | B19: =coding!$B25 -> قد يؤدي إلى الاعتمادية في حال عدم التدقيق خلفه وعدم التأكد، ولكن قد يعزز روح النقد لديك في حال تتبعت المعلومة وتأكدت من صحتها خلفه. | C19: =coding!$G25 -> دقة المعلومات، وموثوقيتها || بعض المعلومات التي يأتي بها خاطئة، أو لادخل لها بالموضوع الذي أبحث عنه.
A20: P145 | B20: =coding!$B146 -> يعزز الفردية والابتكار | C20: =coding!$G146 -> عدم إعطاء الطالب المعلومة الدقيقة والكافية لما يبحث عنه || عند البحث عن اعراب جملة ما فإنه يقوم بإعرابها بشكل خاطئ وغير دقيق
A21: P096 | B21: =coding!$B97 -> قد يؤدي إلى الاعتمادية عند استخدامه بشكل مبالغ، ولكنه أحيانًا يعزز من الابتكار عندما يبدأ بإعطائك أفكار إضافية على فكرتك الأساسية مما يعزز من قوتها. | C21: =coding!$G97 -> الحصول على معلومات غير موثوقة. || شرح سطحي للأبيات الشعرية، وكذلك بالنسبة للبلاغة، كما أنه يخلط كثيرًا بين قواعد النحو والصرف.
A22: P089 | B22: =coding!$B90 -> الاعتمادية | C22: =coding!$G90 -> الاعتماد عليه أحيانا مثلا في تحليل نص أدبي يحد من قدرتك على التفكير ويقيدك بما هو موجود أمامك من شرح أو إيضاح أو تحليل || عدم الدقة فيه خاصة في الإعراب والبلاغة
A23: P009 | B23: =coding!$B10 -> كلاهما | C23: =coding!$G10 -> التدقيق اللغوي والاملائي || دقة المراجع
A24: P087 | B24: =coding!$B88 -> أرى أنه يعتمد على كيفية الإستخدام | C24: =coding!$G88 -> دقة الإجابات و ندرة المراجع الموثوقة التي يعتمد عليها الذكاء الاصطناعي في الإجابة || عندما طلبت من الذكاء الاصطناعي ان يحل لي سؤال نحوي يجمع بين أكثر من قاعدة لم يستطع حله بالشكل الصحيح
A25: P053 | B25: =coding!$B54 -> هو "سلاح ذو حدين"؛ فقد يؤدي للاعتمادية إذا اكتفى الطالب بالمخرجات الجاهزة، لكنه يعزز الابتكار إذا استُخدم كـ "مساعد بحثي" لتوليد أفكار أولية، أو للمقارنة بين النصوص، أو لتنظيم البيانات الضخمة، مما يفرغ ذهن الباحث للتحليل الإبداعي العميق. | C25: =coding!$G54 -> أبرز التحديات هي "عدم الدقة في ضبط النصوص وتشكيلها" بشكل صحيح تماماً، بالإضافة إلى ضعف قدرة بعض الأدوات على فهم "المجاز والكناية" وخصوصية الأدب العربي القديم، مما قد يؤدي إلى تفسيرات سطحية أو خاطئة أحياناً. || واجهتُ تجربة قام فيها الذكاء الاصطناعي بـ "اختلاق" أبيات شعرية ونسبها لشاعر جاهلي، أو خلطه بين قواعد النحو لمدرسة البصرة والكوفة في مسألة خلافية واحدة، مما جعلني أدرك أهمية التحقق من المصادر وعدم التسليم المطلق بصحة النتائج.
A26: P064 | B26: =coding!$B65 -> لا | C26: =coding!$G65 -> صعوبتها || خطا في المعلومات
A27: P070 | B27: =coding!$B71 -> يعزز الابتكار | C27: =coding!$G71 -> المعرفة || كتابة الشعر
A28: P042 | B28: =coding!$B43 -> يؤدي إلى الاعتمادية | C28: =coding!$G43 -> الحصول على إجابات دقيقة || كثيرا ما يؤلف من عنده خاصة الشواهد
A29: P092 | B29: =coding!$B93 -> يعزز الابتكار | C29: =coding!$G93 -> . || الخلط بي القواعد النحوية والبلاغية والصرفية
A30: P093 | B30: =coding!$B94 -> الاثنان معًا يعتمد على الفرد نفسه | C30: =coding!$G94 -> عدم دقة معلومات الذكاء الاصطناعي || المعلومات المغلوطة
A31: P034 | B31: =coding!$B35 -> هذا الأمر نسبي و يعتمد على عقلية من يستخدمه | C31: =coding!$G35 -> أنه لا يفقه اللغة العربية بالشكل الذي أتطلع له || طلبت منه مساعدتي في حل واجب منزلي و لم أحصل في هذا الواجب على درجة كاملة مثلما توقعت (اعتمدت على الذكاء الاصطناعي بنسبة ٩٨% تقريبا) و هذا عزز نبوءة دكتور المقرر أن الذكاء الاصطناعي لن يفيدنا في حل ذلك الواجب، و قد كنت أحاول إثبات العكس...
A32: P005 | B32: =coding!$B6 -> يهدم الابتكار والفردية | C32: =coding!$G6 -> لا يمكن الاعتماد عليه في الدراسة، يمكن استخدامه فقط للبحث عن معلومات سطحية، ولا يصلح لشيء أعمق من ذلك || لا يستطيع الذكاء الاصطناعي التعامل مع اللغة العربية الا في ابسط الحالات
A33: P072 | B33: =coding!$B73 -> يعزز الابتكاريع | C33: =coding!$G73 -> وايد تحديات || ما يعرف يعرب
A34: P116 | B34: =coding!$B117 -> على حسب الشخص | C34: =coding!$G117 -> عدم التيقن من اجابه الذكاء الاصطناعي فتارة يصيب وتارة يخطئ || اردت البحث عن معلومه واعطاني معلومات خاطئة
A35: P040 | B35: =coding!$B41 -> - | C35: =coding!$G41 -> - || -
A36: P062 | B36: =coding!$B63 -> هو وسط بين هذ وذاك ويرجع في الأخير إلى كيفية استعمال الشخص له والغرض والهدف منه فقد يؤدي إلى الاعتمادية بشكل كبير إذا استعمله الشخص وقام بنسخ المعلومات ونسقها دون قراءتها ومعالجتها وخصوصا في آداء البحوث وقد يستخدمه الشخص في تلقي الأفكار فقط بينهما يقول بمعالجتها وتحليلها بنفسه فقد يدفعه ذلك للابتكار والاعتماد على النفس | C36: =coding!$G63 -> المعلومات غير دقيقة في بعض الأحيان ، ولا يتناول التحليل العميق || في تحليل النصوص وفهم المعنى العام من البيت فيساعد على تحليله وفهمه بلاغيا
A37: P129 | B37: =coding!$B130 -> يعزز الابتكار والتفكير الفردي | C37: =coding!$G130 -> عدم استطاعته قراءة الكتب الالكترونية وتحديد رقم الصفحات || التجربة السلبية دائماً تكمن في الإعراب، وكذلك تحديد رقم الصفحات والإجابات المتكررة.
A38: P044 | B38: =coding!$B45 -> يؤدي إلى الاعتمادية بشكل اكبر. | C38: =coding!$G45 -> عدم دقة المعلومات || عدم دقة المعلومات و التحليل .
A39: P140 | B39: =coding!$B141 -> الجانبان | C39: =coding!$G141 -> الأخطاء النحوية والصرفية || لا يوجد
A40: P051 | B40: =coding!$B52 -> هذا وهذا | C40: =coding!$G52 -> - || يهرف بما لا يعرف في النحو والاشتقاق
A42: AGREEMENT vs MODEL CODES (fills in as the sample is coded)
A43: Sample size | B43: 36
A44: Units coded so far | B44: =SUMPRODUCT(--($D$5:$D$40<>"")) -> 0
A45: Stance: model matches human | B45: =SUMPRODUCT(($D$5:$D$40<>"")*($D$5:$D$40=IF($A$5:$A$40="","",INDEX(coding!$M$1:$M$146,MATCH($A$5:$A$40,coding!$A$1:$A$146,0))))) -> 0
A46: Stance: accuracy | B46: =IFERROR($B$45/$B$44,"")
A47: Themes: compare with the Jaccard columns in themes_matrix once these are copied into coder_1_themes on the coding sheet.

Sheet codebook
A1: item | B1: code | C1: label | D1: definition
A2: Stance item (Q4): does AI use lead to dependency, or foster innovation and individuality? | B2: dependency | C2: Dependency | D2: AI use causes reliance, laziness, or weakens the student.
A3: Stance item (Q4): does AI use lead to dependency, or foster innovation and individuality? | B3: innovation | C3: Innovation and individuality | D3: AI use fosters innovation, creativity or individuality.
A4: Stance item (Q4): does AI use lead to dependency, or foster innovation and individuality? | B4: conditional | C4: Conditional | D4: Both, or the outcome depends on how, how much, or by whom the tool is used.
A5: Stance item (Q4): does AI use lead to dependency, or foster innovation and individuality? | B5: uncodable | C5: No codable stance | D5: Empty, evasive, off-topic, or expresses no stance.
A6: Barrier themes (Q2 + Q6): problems encountered using generative AI for Arabic study | B6: T1 | C6: Inaccurate / unreliable output | D6: Output is wrong, imprecise, unreliable or misleading (generic inaccuracy).
A7: Barrier themes (Q2 + Q6): problems encountered using generative AI for Arabic study | B7: T2 | C7: Weak Arabic grammar & morphology | D7: Specifically weak at Arabic grammar/syntax (iʿrāb), morphology, vocalisation, prosody or rhetoric, or produces stilted Arabic.
A8: Barrier themes (Q2 + Q6): problems encountered using generative AI for Arabic study | B8: T3 | C8: Hallucinated literary attribution | D8: Attributes verses, poems or texts to the wrong poet or author, or invents verses.
A9: Barrier themes (Q2 + Q6): problems encountered using generative AI for Arabic study | B9: T4 | C9: Fabricated / missing references | D9: Invents or cannot supply references, sources, books or citations.
A10: Barrier themes (Q2 + Q6): problems encountered using generative AI for Arabic study | B10: T5 | C10: Weak prompting / appraisal skill | D10: The student's own lack of skill in prompting, phrasing or judging output.
A11: Barrier themes (Q2 + Q6): problems encountered using generative AI for Arabic study | B11: T6 | C11: Few Arabic-supporting tools | D11: No or few tools that support Arabic; tools are English-oriented.
A12: Barrier themes (Q2 + Q6): problems encountered using generative AI for Arabic study | B12: T7 | C12: Faculty / institutional resistance | D12: Teachers, department or university discourage, forbid or penalise use.
... A14: Barrier themes (Q2 + Q6): problems encountered using generative AI for Arabic study | B14: T9 | C14: Other / none | D14: No barrier stated, or a barrier outside the scheme above.
A16: DECISION RULES (added after audit; resolve the cases the definitions above leave open)
A17: rule | B17: applies to | C17: rule | D17: why it was needed
A18: R-S1 | B18: stance | C18: Any bare 'both' formulation is conditional, not uncodable: كلاهما، الاثنين، الأثنين، الاثنان معا، الأمرين معا، الجانبان، هذا وهذا، بين الاعتماد والابتكار. | D18: The definition already puts 'both' under conditional, but bare one-word forms were being read as absence of stance. P051, P058, P139 were coded uncodable while P009, P067, P118 with the same meaning were coded conditional.
A19: R-S2 | B19: stance | C19: Bare محايد with no elaboration is uncodable. محايد followed by elaboration is coded on the elaboration. | D19: 'Neutral' is a refusal to choose; 'neutral because it has both roles' is a both-statement. Separates P068 from P015 and P098.
A20: R-S3 | B20: stance | C20: Code the predicate, not the keyword. A pole word inside a negation belongs to the opposite pole. | D20: P005 'يهدم الابتكار والفردية' (destroys innovation) was coded innovation by keyword.
A21: R-S4 | B21: stance | C21: One pole stated with an explicit condition on how, how much, or by whom = conditional. | D21: Keeps P069, P075, P109, P117 consistent with the multi-pole conditionals.
A22: R-S5 | B22: stance | C22: Frequency and time hedges (قد، أحيانا، على المدى الطويل، غالبا) do NOT make a response conditional. Only usage conditions do. | D22: Without this, P029, P103 and P144 drift into conditional and the category swallows the poles.
A23: R-S6 | B23: stance | C23: Code the whole response to the last sentence. Long responses can reverse pole at the end. | D23: P122 reads as dependency for 400+ characters and concedes the innovation pole only in its final sentence.
A24: R-S7 | B24: stance | C24: Non-responsive tokens are uncodable: - . ! نعم، لا، لا اعلم، في بعض الأحيان. | D24: Consistency across P007, P008, P040, P064, P107, P110, P134.
A25: R-T2a | B25: themes | C25: T2 applies whenever the response names an Arabic linguistic or literary domain (نحو، صرف، إعراب، بلاغة، عروض، إملاء، تشكيل/ضبط، تحليل النصوص أو الأبيات أو الشعر، قواعد اللغة العربية) or says the model is weak at Arabic in general. T1 applies to accuracy complaints with no domain named. Both codes when both are present. | D25: This boundary is the single largest source of coder disagreement in the set. See gap G1.
A26: R-T2b | B26: themes | C26: Orthography (إملاء) and language proofreading (التدقيق اللغوي) fall under T2. | D26: Not listed in the T2 definition; affects P009 and P039.
A27: R-T2c | B27: themes | C27: T2 = the model performs badly at Arabic. T6 = tools do not exist, do not support Arabic, or are built for English. | D27: P029, P122, P133 and P141 complain about tool availability, not model competence.
A28: R-T4 | B28: themes | C28: T4 covers wrong or unverifiable bibliographic detail, including volume and page numbers, not only invented titles. | D28: P127 and P129 report wrong page references and were coded T1/T2 only.
... A32: R-TU | B32: themes | C32: barrier_text holds two survey answers joined by ||. Code the union of both parts. If one part is لا يوجد or -, code the other part only. | D32: Otherwise coders differ on whether the second clause counts.
A34: OPEN GAPS - decide these before the main coding pass
A35: gap | B35: issue | C35: affected units | D35: options
A36: G1 | B36: The T1 / T2 boundary. Around 40% of units contain both a generic accuracy complaint and a named Arabic domain, so the choice between T1, T2 and T1+T2 is doing most of the work. | C36: P008, P062, P065, P069, P084, P123 and roughly 55 double-coded units | D36: Adopt R-T2a as written (double-code freely), or make T2 exclusive of T1 so the two never co-occur. The second gives cleaner reliability but loses the generic-inaccuracy signal.
A37: G2 | B37: T8 was defined for cost and access, but several responses report technical failure (hanging, slowness, file-size and image limits). | C37: P016, P017, P036, P083, P137 | D37: Adopt R-T8 as written, or keep T8 narrow and send these to T9.
A38: G3 | B38: Over-reliance harming the student's own thinking has no theme. It is not inaccuracy (T1) and not a prompting or appraisal skill (T5). | C38: P089, P106, P122, P134, and it is the whole substance of P122 | D38: Add T10 'over-reliance / erosion of own skill', or route these to T9 and note the loss.
A39: G4 | B39: T9 merges 'no barrier stated' with 'a barrier outside the scheme' and with 'I do not use the tool'. | C39: P003, P030, P040, P054, P070, P110, P112, P114 | D39: Split into T9a (none stated / non-user) and T9b (other), or accept the merge and report it.
A40: R-T5b | B40: themes | C40: T5 covers ONLY the student's own skill: their prompting, phrasing, or ability to judge output. A complaint that the MODEL fails to understand Arabic input is not T5 — code it T2 if a linguistic or literary domain is named, otherwise T1. Distinguishing test: whose deficiency does the sentence assert? 'لا أستطيع صياغة الأوامر' is the student (T5). 'لا يفهم ما أقول' and 'ضعف الفهم للسياق' are the model (T1/T2). | D40: AMENDMENT 2026-09-04, post-hoc. R-T5 v1 said 'it does not understand what I want is coded T5', which conflated the two. T5 accounted for 8 of the 22 inter-model disputes — more than T1 (6) and T2 (3) — because both readings were defensible under v1. Units coded under v1 must be re-run before v1 and v2 codes are pooled.
A42: G5 | B42: The T5 boundary, not the T1/T2 boundary, is the main fault line. Predicted before the run to be T1/T2; the run showed otherwise. | C42: P004, P008, P019, P059 and 4 further disputed units — see recode_queue | D42: Resolved by amendment R-T5b. Re-run the affected units, or report them as unresolved and exclude from the theme agreement figure.

Sheet reliability
A1: Intercoder reliability
A2: Every figure below is a live formula over the coding sheet. They read 0 or blank until the human coders fill in columns D, E, I and J. Nothing here is precomputed.
A4: STANCE - coder 1 vs coder 2
A5: Units coded by both | B5: =SUMPRODUCT((coding!$D$2:$D$146<>"")*(coding!$E$2:$E$146<>"")) -> 5
A6: Agreements | B6: =SUMPRODUCT((coding!$D$2:$D$146<>"")*(coding!$E$2:$E$146<>"")*(coding!$D$2:$D$146=coding!$E$2:$E$146)) -> 2
A7: Observed agreement (Po) | B7: =IFERROR($B$6/$B$5,"") -> 0.4
A9: category | B9: n coder 1 | C9: n coder 2 | D9: p1 x p2 | E9: n1 + n2
A10: dependency | B10: =COUNTIFS(coding!$D$2:$D$146,$A10,coding!$E$2:$E$146,"<>") -> 2 | C10: =COUNTIFS(coding!$E$2:$E$146,$A10,coding!$D$2:$D$146,"<>") -> 1 | D10: =IFERROR($B10/$B$5*$C10/$B$5,"") -> 0.08 | E10: =$B10+$C10 -> 3
A11: innovation | B11: =COUNTIFS(coding!$D$2:$D$146,$A11,coding!$E$2:$E$146,"<>") -> 1 | C11: =COUNTIFS(coding!$E$2:$E$146,$A11,coding!$D$2:$D$146,"<>") -> 2 | D11: =IFERROR($B11/$B$5*$C11/$B$5,"") -> 0.08 | E11: =$B11+$C11 -> 3
A12: conditional | B12: =COUNTIFS(coding!$D$2:$D$146,$A12,coding!$E$2:$E$146,"<>") -> 1 | C12: =COUNTIFS(coding!$E$2:$E$146,$A12,coding!$D$2:$D$146,"<>") -> 1 | D12: =IFERROR($B12/$B$5*$C12/$B$5,"") -> 0.04 | E12: =$B12+$C12 -> 2
A13: uncodable | B13: =COUNTIFS(coding!$D$2:$D$146,$A13,coding!$E$2:$E$146,"<>") -> 1 | C13: =COUNTIFS(coding!$E$2:$E$146,$A13,coding!$D$2:$D$146,"<>") -> 1 | D13: =IFERROR($B13/$B$5*$C13/$B$5,"") -> 0.04 | E13: =$B13+$C13 -> 2
A14: Expected agreement (Pe) | B14: =SUM($D$10:$D$13) -> 0.24
A15: Cohen's kappa | B15: =IFERROR(($B$7-$B$14)/(1-$B$14),"") -> 0.21052632 | G15: Reported figure for a 2-coder nominal scheme.
A16: n values (2 x paired units) | B16: =2*$B$5 -> 10
A17: Sum of squared category totals | B17: =SUMPRODUCT($E$10:$E$13,$E$10:$E$13) -> 26
A18: Expected disagreement (De) | B18: =IFERROR(($B$16^2-$B$17)/($B$16*($B$16-1)),"") -> 0.82222222
A19: Krippendorff's alpha (nominal) | B19: =IFERROR(1-(1-$B$7)/$B$18,"") -> 0.27027027 | G19: Alpha and kappa differ slightly at this n; report whichever the target journal expects.
A21: BARRIER THEMES - coder 1 vs coder 2
A22: Units coded by both | B22: =SUMPRODUCT(themes_matrix!$B$2:$B$146,themes_matrix!$C$2:$C$146) -> 0
A23: Exact set matches | B23: =SUM(themes_matrix!$AI$2:$AI$146) -> 0
A24: Exact set agreement | B24: =IFERROR($B$23/$B$22,"")
A25: Mean Jaccard overlap | B25: =IFERROR(SUM(themes_matrix!$AH$2:$AH$146)/$B$22,"") | G25: Exact match is harsh for multi-label data; Jaccard is the fairer headline, kappa per theme the fairest.
A27: theme | B27: n coder 1 | C27: n coder 2 | D27: agreements | E27: Po | F27: kappa
A28: T1 | B28: =SUMPRODUCT(themes_matrix!$B$2:$B$146,themes_matrix!$C$2:$C$146,themes_matrix!$E$2:$E$146) -> 0 | C28: =SUMPRODUCT(themes_matrix!$B$2:$B$146,themes_matrix!$C$2:$C$146,themes_matrix!$N$2:$N$146) -> 0 | D28: =SUMPRODUCT(themes_matrix!$B$2:$B$146,themes_matrix!$C$2:$C$146,--(themes_matrix!$E$2:$E$146=themes_matrix!$N$2:$N$146)) -> 0 | E28: =IFERROR($D28/$B$22,"") | F28: =IFERROR(($E28-(($B28/$B$22)*($C28/$B$22)+(1-$B28/$B$22)*(1-$C28/$B$22)))/(1-(($B28/$B$22)*($C28/$B$22)+(1-$B28/$B$22)*(1-$C28/$B$22))),"")
A29: T2 | B29: =SUMPRODUCT(themes_matrix!$B$2:$B$146,themes_matrix!$C$2:$C$146,themes_matrix!$F$2:$F$146) -> 0 | C29: =SUMPRODUCT(themes_matrix!$B$2:$B$146,themes_matrix!$C$2:$C$146,themes_matrix!$O$2:$O$146) -> 0 | D29: =SUMPRODUCT(themes_matrix!$B$2:$B$146,themes_matrix!$C$2:$C$146,--(themes_matrix!$F$2:$F$146=themes_matrix!$O$2:$O$146)) -> 0 | E29: =IFERROR($D29/$B$22,"") | F29: =IFERROR(($E29-(($B29/$B$22)*($C29/$B$22)+(1-$B29/$B$22)*(1-$C29/$B$22)))/(1-(($B29/$B$22)*($C29/$B$22)+(1-$B29/$B$22)*(1-$C29/$B$22))),"")
A30: T3 | B30: =SUMPRODUCT(themes_matrix!$B$2:$B$146,themes_matrix!$C$2:$C$146,themes_matrix!$G$2:$G$146) -> 0 | C30: =SUMPRODUCT(themes_matrix!$B$2:$B$146,themes_matrix!$C$2:$C$146,themes_matrix!$P$2:$P$146) -> 0 | D30: =SUMPRODUCT(themes_matrix!$B$2:$B$146,themes_matrix!$C$2:$C$146,--(themes_matrix!$G$2:$G$146=themes_matrix!$P$2:$P$146)) -> 0 | E30: =IFERROR($D30/$B$22,"") | F30: =IFERROR(($E30-(($B30/$B$22)*($C30/$B$22)+(1-$B30/$B$22)*(1-$C30/$B$22)))/(1-(($B30/$B$22)*($C30/$B$22)+(1-$B30/$B$22)*(1-$C30/$B$22))),"")
A31: T4 | B31: =SUMPRODUCT(themes_matrix!$B$2:$B$146,themes_matrix!$C$2:$C$146,themes_matrix!$H$2:$H$146) -> 0 | C31: =SUMPRODUCT(themes_matrix!$B$2:$B$146,themes_matrix!$C$2:$C$146,themes_matrix!$Q$2:$Q$146) -> 0 | D31: =SUMPRODUCT(themes_matrix!$B$2:$B$146,themes_matrix!$C$2:$C$146,--(themes_matrix!$H$2:$H$146=themes_matrix!$Q$2:$Q$146)) -> 0 | E31: =IFERROR($D31/$B$22,"") | F31: =IFERROR(($E31-(($B31/$B$22)*($C31/$B$22)+(1-$B31/$B$22)*(1-$C31/$B$22)))/(1-(($B31/$B$22)*($C31/$B$22)+(1-$B31/$B$22)*(1-$C31/$B$22))),"")
A32: T5 | B32: =SUMPRODUCT(themes_matrix!$B$2:$B$146,themes_matrix!$C$2:$C$146,themes_matrix!$I$2:$I$146) -> 0 | C32: =SUMPRODUCT(themes_matrix!$B$2:$B$146,themes_matrix!$C$2:$C$146,themes_matrix!$R$2:$R$146) -> 0 | D32: =SUMPRODUCT(themes_matrix!$B$2:$B$146,themes_matrix!$C$2:$C$146,--(themes_matrix!$I$2:$I$146=themes_matrix!$R$2:$R$146)) -> 0 | E32: =IFERROR($D32/$B$22,"") | F32: =IFERROR(($E32-(($B32/$B$22)*($C32/$B$22)+(1-$B32/$B$22)*(1-$C32/$B$22)))/(1-(($B32/$B$22)*($C32/$B$22)+(1-$B32/$B$22)*(1-$C32/$B$22))),"")
A33: T6 | B33: =SUMPRODUCT(themes_matrix!$B$2:$B$146,themes_matrix!$C$2:$C$146,themes_matrix!$J$2:$J$146) -> 0 | C33: =SUMPRODUCT(themes_matrix!$B$2:$B$146,themes_matrix!$C$2:$C$146,themes_matrix!$S$2:$S$146) -> 0 | D33: =SUMPRODUCT(themes_matrix!$B$2:$B$146,themes_matrix!$C$2:$C$146,--(themes_matrix!$J$2:$J$146=themes_matrix!$S$2:$S$146)) -> 0 | E33: =IFERROR($D33/$B$22,"") | F33: =IFERROR(($E33-(($B33/$B$22)*($C33/$B$22)+(1-$B33/$B$22)*(1-$C33/$B$22)))/(1-(($B33/$B$22)*($C33/$B$22)+(1-$B33/$B$22)*(1-$C33/$B$22))),"")
A34: T7 | B34: =SUMPRODUCT(themes_matrix!$B$2:$B$146,themes_matrix!$C$2:$C$146,themes_matrix!$K$2:$K$146) -> 0 | C34: =SUMPRODUCT(themes_matrix!$B$2:$B$146,themes_matrix!$C$2:$C$146,themes_matrix!$T$2:$T$146) -> 0 | D34: =SUMPRODUCT(themes_matrix!$B$2:$B$146,themes_matrix!$C$2:$C$146,--(themes_matrix!$K$2:$K$146=themes_matrix!$T$2:$T$146)) -> 0 | E34: =IFERROR($D34/$B$22,"") | F34: =IFERROR(($E34-(($B34/$B$22)*($C34/$B$22)+(1-$B34/$B$22)*(1-$C34/$B$22)))/(1-(($B34/$B$22)*($C34/$B$22)+(1-$B34/$B$22)*(1-$C34/$B$22))),"")
A35: T8 | B35: =SUMPRODUCT(themes_matrix!$B$2:$B$146,themes_matrix!$C$2:$C$146,themes_matrix!$L$2:$L$146) -> 0 | C35: =SUMPRODUCT(themes_matrix!$B$2:$B$146,themes_matrix!$C$2:$C$146,themes_matrix!$U$2:$U$146) -> 0 | D35: =SUMPRODUCT(themes_matrix!$B$2:$B$146,themes_matrix!$C$2:$C$146,--(themes_matrix!$L$2:$L$146=themes_matrix!$U$2:$U$146)) -> 0 | E35: =IFERROR($D35/$B$22,"") | F35: =IFERROR(($E35-(($B35/$B$22)*($C35/$B$22)+(1-$B35/$B$22)*(1-$C35/$B$22)))/(1-(($B35/$B$22)*($C35/$B$22)+(1-$B35/$B$22)*(1-$C35/$B$22))),"")
A36: T9 | B36: =SUMPRODUCT(themes_matrix!$B$2:$B$146,themes_matrix!$C$2:$C$146,themes_matrix!$M$2:$M$146) -> 0 | C36: =SUMPRODUCT(themes_matrix!$B$2:$B$146,themes_matrix!$C$2:$C$146,themes_matrix!$V$2:$V$146) -> 0 | D36: =SUMPRODUCT(themes_matrix!$B$2:$B$146,themes_matrix!$C$2:$C$146,--(themes_matrix!$M$2:$M$146=themes_matrix!$V$2:$V$146)) -> 0 | E36: =IFERROR($D36/$B$22,"") | F36: =IFERROR(($E36-(($B36/$B$22)*($C36/$B$22)+(1-$B36/$B$22)*(1-$C36/$B$22)))/(1-(($B36/$B$22)*($C36/$B$22)+(1-$B36/$B$22)*(1-$C36/$B$22))),"")
A39: MODEL ANNOTATOR vs HUMAN CODERS
A40: Populates as the coders work. This is the comparison for the LLM-as-annotator arm; it is not intercoder reliability and must not be reported as such.
A41: Stance: model vs coder 1 | B41: =IFERROR(SUMPRODUCT((coding!$D$2:$D$146<>"")*(coding!$D$2:$D$146=coding!$M$2:$M$146))/SUMPRODUCT(--(coding!$D$2:$D$146<>"")),"") -> 0.16666667
A42: Stance: model vs coder 2 | B42: =IFERROR(SUMPRODUCT((coding!$E$2:$E$146<>"")*(coding!$E$2:$E$146=coding!$M$2:$M$146))/SUMPRODUCT(--(coding!$E$2:$E$146<>"")),"") -> 0.2
A43: Stance: model vs resolved code | B43: =IFERROR(SUMPRODUCT((coding!$F$2:$F$146<>"")*(coding!$F$2:$F$146=coding!$M$2:$M$146))/SUMPRODUCT(--(coding!$F$2:$F$146<>"")),"") -> 0
A44: Stance: model vs suggestion | B44: =SUMPRODUCT(--(coding!$N$2:$N$146="match"))/145 -> 0.96551724
A45: Themes: mean Jaccard vs coder 1 | B45: =IFERROR(SUM(themes_matrix!$AJ$2:$AJ$146)/SUMPRODUCT(themes_matrix!$B$2:$B$146),"")
A46: Themes: mean Jaccard vs coder 2 | B46: =IFERROR(SUM(themes_matrix!$AK$2:$AK$146)/SUMPRODUCT(themes_matrix!$C$2:$C$146),"")
A47: Themes: model vs suggestion (exact set) | B47: =SUMPRODUCT(--(coding!$P$2:$P$146="match"))/145 -> 0.79310345

Sheet adjudication
A1: Adjudication view - filter column F or K on DISAGREE
A2: Status columns are live. Enter resolutions in the yellow columns, then copy them into stance_agreed / barriers_agreed on the coding sheet.
A4: participant_id | B4: stance_text | C4: c1 stance | D4: c2 stance | E4: model stance | F4: stance status | G4: stance resolution | H4: c1 themes | I4: c2 themes | J4: model themes | K4: themes status | L4: themes resolution
A5: =coding!$A2 -> P001 | B5: =coding!$B2 -> الاعتمادية | C5: =IF(coding!$D2="","",coding!$D2) -> dependency | D5: =IF(coding!$E2="","",coding!$E2) -> dependency | E5: =IF(coding!$M2="","",coding!$M2) -> dependency | F5: =IF(OR(coding!$D2="",coding!$E2=""),"not yet coded",IF(coding!$D2=coding!$E2,"agree","DISAGREE")) -> agree | H5: =IF(coding!$I2="","",coding!$I2) | I5: =IF(coding!$J2="","",coding!$J2) | J5: =IF(coding!$O2="","",coding!$O2) -> T1 | K5: =IF(OR(coding!$I2="",coding!$J2=""),"not yet coded",IF(coding!$I2=coding!$J2,"agree","DISAGREE")) -> not yet coded
A6: =coding!$A3 -> P002 | B6: =coding!$B3 -> يؤدي إلى الاعتمادية | C6: =IF(coding!$D3="","",coding!$D3) -> conditional | D6: =IF(coding!$E3="","",coding!$E3) -> innovation | E6: =IF(coding!$M3="","",coding!$M3) -> dependency | F6: =IF(OR(coding!$D3="",coding!$E3=""),"not yet coded",IF(coding!$D3=coding!$E3,"agree","DISAGREE")) -> DISAGREE | H6: =IF(coding!$I3="","",coding!$I3) | I6: =IF(coding!$J3="","",coding!$J3) | J6: =IF(coding!$O3="","",coding!$O3) -> T1,T4 | K6: =IF(OR(coding!$I3="",coding!$J3=""),"not yet coded",IF(coding!$I3=coding!$J3,"agree","DISAGREE")) -> not yet coded
A7: =coding!$A4 -> P003 | B7: =coding!$B4 -> يؤدي إلى الاعتمادية | C7: =IF(coding!$D4="","",coding!$D4) -> uncodable | D7: =IF(coding!$E4="","",coding!$E4) -> uncodable | E7: =IF(coding!$M4="","",coding!$M4) -> dependency | F7: =IF(OR(coding!$D4="",coding!$E4=""),"not yet coded",IF(coding!$D4=coding!$E4,"agree","DISAGREE")) -> agree | H7: =IF(coding!$I4="","",coding!$I4) | I7: =IF(coding!$J4="","",coding!$J4) | J7: =IF(coding!$O4="","",coding!$O4) -> T9 | K7: =IF(OR(coding!$I4="",coding!$J4=""),"not yet coded",IF(coding!$I4=coding!$J4,"agree","DISAGREE")) -> not yet coded
A8: =coding!$A5 -> P004 | B8: =coding!$B5 -> إذا زاد استخدامه عن حده فيؤدي للاعتمادية | C8: =IF(coding!$D5="","",coding!$D5) -> dependency | D8: =IF(coding!$E5="","",coding!$E5) -> innovation | E8: =IF(coding!$M5="","",coding!$M5) -> conditional | F8: =IF(OR(coding!$D5="",coding!$E5=""),"not yet coded",IF(coding!$D5=coding!$E5,"agree","DISAGREE")) -> DISAGREE | H8: =IF(coding!$I5="","",coding!$I5) | I8: =IF(coding!$J5="","",coding!$J5) | J8: =IF(coding!$O5="","",coding!$O5) -> T1,T4 | K8: =IF(OR(coding!$I5="",coding!$J5=""),"not yet coded",IF(coding!$I5=coding!$J5,"agree","DISAGREE")) -> not yet coded
A9: =coding!$A6 -> P005 | B9: =coding!$B6 -> يهدم الابتكار والفردية | C9: =IF(coding!$D6="","",coding!$D6) -> innovation | D9: =IF(coding!$E6="","",coding!$E6) -> conditional | E9: =IF(coding!$M6="","",coding!$M6) -> dependency | F9: =IF(OR(coding!$D6="",coding!$E6=""),"not yet coded",IF(coding!$D6=coding!$E6,"agree","DISAGREE")) -> DISAGREE | H9: =IF(coding!$I6="","",coding!$I6) | I9: =IF(coding!$J6="","",coding!$J6) | J9: =IF(coding!$O6="","",coding!$O6) -> T1,T2 | K9: =IF(OR(coding!$I6="",coding!$J6=""),"not yet coded",IF(coding!$I6=coding!$J6,"agree","DISAGREE")) -> not yet coded
A10: =coding!$A7 -> P006 | B10: =coding!$B7 -> يعزز الابتكار الفردي | C10: =IF(coding!$D7="","",coding!$D7) -> conditional | D10: =IF(coding!$E7="","",coding!$E7) | E10: =IF(coding!$M7="","",coding!$M7) -> innovation | F10: =IF(OR(coding!$D7="",coding!$E7=""),"not yet coded",IF(coding!$D7=coding!$E7,"agree","DISAGREE")) -> not yet coded | H10: =IF(coding!$I7="","",coding!$I7) | I10: =IF(coding!$J7="","",coding!$J7) | J10: =IF(coding!$O7="","",coding!$O7) -> T2 | K10: =IF(OR(coding!$I7="",coding!$J7=""),"not yet coded",IF(coding!$I7=coding!$J7,"agree","DISAGREE")) -> not yet coded
A11: =coding!$A8 -> P007 | B11: =coding!$B8 -> في بعض الأحيان | C11: =IF(coding!$D8="","",coding!$D8) | D11: =IF(coding!$E8="","",coding!$E8) | E11: =IF(coding!$M8="","",coding!$M8) -> uncodable | F11: =IF(OR(coding!$D8="",coding!$E8=""),"not yet coded",IF(coding!$D8=coding!$E8,"agree","DISAGREE")) -> not yet coded | H11: =IF(coding!$I8="","",coding!$I8) | I11: =IF(coding!$J8="","",coding!$J8) | J11: =IF(coding!$O8="","",coding!$O8) -> T1,T3 | K11: =IF(OR(coding!$I8="",coding!$J8=""),"not yet coded",IF(coding!$I8=coding!$J8,"agree","DISAGREE")) -> not yet coded
A12: =coding!$A9 -> P008 | B12: =coding!$B9 -> ! | C12: =IF(coding!$D9="","",coding!$D9) | D12: =IF(coding!$E9="","",coding!$E9) | E12: =IF(coding!$M9="","",coding!$M9) -> uncodable | F12: =IF(OR(coding!$D9="",coding!$E9=""),"not yet coded",IF(coding!$D9=coding!$E9,"agree","DISAGREE")) -> not yet coded | H12: =IF(coding!$I9="","",coding!$I9) | I12: =IF(coding!$J9="","",coding!$J9) | J12: =IF(coding!$O9="","",coding!$O9) -> T2 | K12: =IF(OR(coding!$I9="",coding!$J9=""),"not yet coded",IF(coding!$I9=coding!$J9,"agree","DISAGREE")) -> not yet coded
A13: =coding!$A10 -> P009 | B13: =coding!$B10 -> كلاهما | C13: =IF(coding!$D10="","",coding!$D10) | D13: =IF(coding!$E10="","",coding!$E10) | E13: =IF(coding!$M10="","",coding!$M10) -> conditional | F13: =IF(OR(coding!$D10="",coding!$E10=""),"not yet coded",IF(coding!$D10=coding!$E10,"agree","DISAGREE")) -> not yet coded | H13: =IF(coding!$I10="","",coding!$I10) | I13: =IF(coding!$J10="","",coding!$J10) | J13: =IF(coding!$O10="","",coding!$O10) -> T2,T4 | K13: =IF(OR(coding!$I10="",coding!$J10=""),"not yet coded",IF(coding!$I10=coding!$J10,"agree","DISAGREE")) -> not yet coded
A14: =coding!$A11 -> P010 | B14: =coding!$B11 -> يعزز الابتكار و الفردية | C14: =IF(coding!$D11="","",coding!$D11) | D14: =IF(coding!$E11="","",coding!$E11) | E14: =IF(coding!$M11="","",coding!$M11) -> innovation | F14: =IF(OR(coding!$D11="",coding!$E11=""),"not yet coded",IF(coding!$D11=coding!$E11,"agree","DISAGREE")) -> not yet coded | H14: =IF(coding!$I11="","",coding!$I11) | I14: =IF(coding!$J11="","",coding!$J11) | J14: =IF(coding!$O11="","",coding!$O11) -> T3,T7 | K14: =IF(OR(coding!$I11="",coding!$J11=""),"not yet coded",IF(coding!$I11=coding!$J11,"agree","DISAGREE")) -> not yet coded
A15: =coding!$A12 -> P011 | B15: =coding!$B12 -> يعزز الابتكار | C15: =IF(coding!$D12="","",coding!$D12) | D15: =IF(coding!$E12="","",coding!$E12) | E15: =IF(coding!$M12="","",coding!$M12) -> innovation | F15: =IF(OR(coding!$D12="",coding!$E12=""),"not yet coded",IF(coding!$D12=coding!$E12,"agree","DISAGREE")) -> not yet coded | H15: =IF(coding!$I12="","",coding!$I12) | I15: =IF(coding!$J12="","",coding!$J12) | J15: =IF(coding!$O12="","",coding!$O12) -> T6 | K15: =IF(OR(coding!$I12="",coding!$J12=""),"not yet coded",IF(coding!$I12=coding!$J12,"agree","DISAGREE")) -> not yet coded
A16: =coding!$A13 -> P012 | B16: =coding!$B13 -> ممكن الاثنين | C16: =IF(coding!$D13="","",coding!$D13) | D16: =IF(coding!$E13="","",coding!$E13) | E16: =IF(coding!$M13="","",coding!$M13) -> conditional | F16: =IF(OR(coding!$D13="",coding!$E13=""),"not yet coded",IF(coding!$D13=coding!$E13,"agree","DISAGREE")) -> not yet coded | H16: =IF(coding!$I13="","",coding!$I13) | I16: =IF(coding!$J13="","",coding!$J13) | J16: =IF(coding!$O13="","",coding!$O13) -> T2 | K16: =IF(OR(coding!$I13="",coding!$J13=""),"not yet coded",IF(coding!$I13=coding!$J13,"agree","DISAGREE")) -> not yet coded
... A149: =coding!$A146 -> P145 | B149: =coding!$B146 -> يعزز الفردية والابتكار | C149: =IF(coding!$D146="","",coding!$D146) | D149: =IF(coding!$E146="","",coding!$E146) | E149: =IF(coding!$M146="","",coding!$M146) -> innovation | F149: =IF(OR(coding!$D146="",coding!$E146=""),"not yet coded",IF(coding!$D146=coding!$E146,"agree","DISAGREE")) -> not yet coded | H149: =IF(coding!$I146="","",coding!$I146) | I149: =IF(coding!$J146="","",coding!$J146) | J149: =IF(coding!$O146="","",coding!$O146) -> T1,T2 | K149: =IF(OR(coding!$I146="",coding!$J146=""),"not yet coded",IF(coding!$I146=coding!$J146,"agree","DISAGREE")) -> not yet coded

Sheet theme_counts
A1: Code frequencies - live formulas
A3: code | B3: label | C3: suggested | D3: model | E3: coder 1 | F3: coder 2 | G3: resolved
A4: T1 | B4: =IFERROR(INDEX(codebook!$C:$C,MATCH($A4,codebook!$B:$B,0)),"") -> Inaccurate / unreliable output | C4: =SUMPRODUCT(--ISNUMBER(SEARCH($A4,coding!$H$2:$H$146))) -> 108 | D4: =SUMPRODUCT(--ISNUMBER(SEARCH($A4,coding!$O$2:$O$146))) -> 106 | E4: =SUMPRODUCT(--ISNUMBER(SEARCH($A4,coding!$I$2:$I$146))) -> 0 | F4: =SUMPRODUCT(--ISNUMBER(SEARCH($A4,coding!$J$2:$J$146))) -> 0 | G4: =SUMPRODUCT(--ISNUMBER(SEARCH($A4,coding!$K$2:$K$146))) -> 0
A5: T2 | B5: =IFERROR(INDEX(codebook!$C:$C,MATCH($A5,codebook!$B:$B,0)),"") -> Weak Arabic grammar & morphology | C5: =SUMPRODUCT(--ISNUMBER(SEARCH($A5,coding!$H$2:$H$146))) -> 56 | D5: =SUMPRODUCT(--ISNUMBER(SEARCH($A5,coding!$O$2:$O$146))) -> 63 | E5: =SUMPRODUCT(--ISNUMBER(SEARCH($A5,coding!$I$2:$I$146))) -> 0 | F5: =SUMPRODUCT(--ISNUMBER(SEARCH($A5,coding!$J$2:$J$146))) -> 0 | G5: =SUMPRODUCT(--ISNUMBER(SEARCH($A5,coding!$K$2:$K$146))) -> 0
A6: T3 | B6: =IFERROR(INDEX(codebook!$C:$C,MATCH($A6,codebook!$B:$B,0)),"") -> Hallucinated literary attribution | C6: =SUMPRODUCT(--ISNUMBER(SEARCH($A6,coding!$H$2:$H$146))) -> 12 | D6: =SUMPRODUCT(--ISNUMBER(SEARCH($A6,coding!$O$2:$O$146))) -> 13 | E6: =SUMPRODUCT(--ISNUMBER(SEARCH($A6,coding!$I$2:$I$146))) -> 0 | F6: =SUMPRODUCT(--ISNUMBER(SEARCH($A6,coding!$J$2:$J$146))) -> 0 | G6: =SUMPRODUCT(--ISNUMBER(SEARCH($A6,coding!$K$2:$K$146))) -> 0
A7: T4 | B7: =IFERROR(INDEX(codebook!$C:$C,MATCH($A7,codebook!$B:$B,0)),"") -> Fabricated / missing references | C7: =SUMPRODUCT(--ISNUMBER(SEARCH($A7,coding!$H$2:$H$146))) -> 20 | D7: =SUMPRODUCT(--ISNUMBER(SEARCH($A7,coding!$O$2:$O$146))) -> 23 | E7: =SUMPRODUCT(--ISNUMBER(SEARCH($A7,coding!$I$2:$I$146))) -> 0 | F7: =SUMPRODUCT(--ISNUMBER(SEARCH($A7,coding!$J$2:$J$146))) -> 0 | G7: =SUMPRODUCT(--ISNUMBER(SEARCH($A7,coding!$K$2:$K$146))) -> 0
A8: T5 | B8: =IFERROR(INDEX(codebook!$C:$C,MATCH($A8,codebook!$B:$B,0)),"") -> Weak prompting / appraisal skill | C8: =SUMPRODUCT(--ISNUMBER(SEARCH($A8,coding!$H$2:$H$146))) -> 10 | D8: =SUMPRODUCT(--ISNUMBER(SEARCH($A8,coding!$O$2:$O$146))) -> 14 | E8: =SUMPRODUCT(--ISNUMBER(SEARCH($A8,coding!$I$2:$I$146))) -> 0 | F8: =SUMPRODUCT(--ISNUMBER(SEARCH($A8,coding!$J$2:$J$146))) -> 0 | G8: =SUMPRODUCT(--ISNUMBER(SEARCH($A8,coding!$K$2:$K$146))) -> 0
A9: T6 | B9: =IFERROR(INDEX(codebook!$C:$C,MATCH($A9,codebook!$B:$B,0)),"") -> Few Arabic-supporting tools | C9: =SUMPRODUCT(--ISNUMBER(SEARCH($A9,coding!$H$2:$H$146))) -> 11 | D9: =SUMPRODUCT(--ISNUMBER(SEARCH($A9,coding!$O$2:$O$146))) -> 13 | E9: =SUMPRODUCT(--ISNUMBER(SEARCH($A9,coding!$I$2:$I$146))) -> 0 | F9: =SUMPRODUCT(--ISNUMBER(SEARCH($A9,coding!$J$2:$J$146))) -> 0 | G9: =SUMPRODUCT(--ISNUMBER(SEARCH($A9,coding!$K$2:$K$146))) -> 0
A10: T7 | B10: =IFERROR(INDEX(codebook!$C:$C,MATCH($A10,codebook!$B:$B,0)),"") -> Faculty / institutional resistance | C10: =SUMPRODUCT(--ISNUMBER(SEARCH($A10,coding!$H$2:$H$146))) -> 2 | D10: =SUMPRODUCT(--ISNUMBER(SEARCH($A10,coding!$O$2:$O$146))) -> 2 | E10: =SUMPRODUCT(--ISNUMBER(SEARCH($A10,coding!$I$2:$I$146))) -> 0 | F10: =SUMPRODUCT(--ISNUMBER(SEARCH($A10,coding!$J$2:$J$146))) -> 0 | G10: =SUMPRODUCT(--ISNUMBER(SEARCH($A10,coding!$K$2:$K$146))) -> 0
A11: T8 | B11: =IFERROR(INDEX(codebook!$C:$C,MATCH($A11,codebook!$B:$B,0)),"") -> Cost, limits or connectivity | C11: =SUMPRODUCT(--ISNUMBER(SEARCH($A11,coding!$H$2:$H$146))) -> 5 | D11: =SUMPRODUCT(--ISNUMBER(SEARCH($A11,coding!$O$2:$O$146))) -> 9 | E11: =SUMPRODUCT(--ISNUMBER(SEARCH($A11,coding!$I$2:$I$146))) -> 0 | F11: =SUMPRODUCT(--ISNUMBER(SEARCH($A11,coding!$J$2:$J$146))) -> 0 | G11: =SUMPRODUCT(--ISNUMBER(SEARCH($A11,coding!$K$2:$K$146))) -> 0
A12: T9 | B12: =IFERROR(INDEX(codebook!$C:$C,MATCH($A12,codebook!$B:$B,0)),"") -> Other / none | C12: =SUMPRODUCT(--ISNUMBER(SEARCH($A12,coding!$H$2:$H$146))) -> 10 | D12: =SUMPRODUCT(--ISNUMBER(SEARCH($A12,coding!$O$2:$O$146))) -> 9 | E12: =SUMPRODUCT(--ISNUMBER(SEARCH($A12,coding!$I$2:$I$146))) -> 0 | F12: =SUMPRODUCT(--ISNUMBER(SEARCH($A12,coding!$J$2:$J$146))) -> 0 | G12: =SUMPRODUCT(--ISNUMBER(SEARCH($A12,coding!$K$2:$K$146))) -> 0
A14: Stance
A15: code | B15: label | C15: suggested | D15: model | E15: coder 1 | F15: coder 2 | G15: resolved
A16: dependency | B16: =IFERROR(INDEX(codebook!$C:$C,MATCH($A16,codebook!$B:$B,0)),"") -> Dependency | C16: =COUNTIF(coding!$C$2:$C$146,$A16) -> 27 | D16: =COUNTIF(coding!$M$2:$M$146,$A16) -> 28 | E16: =COUNTIF(coding!$D$2:$D$146,$A16) -> 2 | F16: =COUNTIF(coding!$E$2:$E$146,$A16) -> 1 | G16: =COUNTIF(coding!$F$2:$F$146,$A16) -> 1
A17: innovation | B17: =IFERROR(INDEX(codebook!$C:$C,MATCH($A17,codebook!$B:$B,0)),"") -> Innovation and individuality | C17: =COUNTIF(coding!$C$2:$C$146,$A17) -> 36 | D17: =COUNTIF(coding!$M$2:$M$146,$A17) -> 36 | E17: =COUNTIF(coding!$D$2:$D$146,$A17) -> 1 | F17: =COUNTIF(coding!$E$2:$E$146,$A17) -> 2 | G17: =COUNTIF(coding!$F$2:$F$146,$A17) -> 0
A18: conditional | B18: =IFERROR(INDEX(codebook!$C:$C,MATCH($A18,codebook!$B:$B,0)),"") -> Conditional | C18: =COUNTIF(coding!$C$2:$C$146,$A18) -> 67 | D18: =COUNTIF(coding!$M$2:$M$146,$A18) -> 71 | E18: =COUNTIF(coding!$D$2:$D$146,$A18) -> 2 | F18: =COUNTIF(coding!$E$2:$E$146,$A18) -> 1 | G18: =COUNTIF(coding!$F$2:$F$146,$A18) -> 1
A19: uncodable | B19: =IFERROR(INDEX(codebook!$C:$C,MATCH($A19,codebook!$B:$B,0)),"") -> No codable stance | C19: =COUNTIF(coding!$C$2:$C$146,$A19) -> 14 | D19: =COUNTIF(coding!$M$2:$M$146,$A19) -> 10 | E19: =COUNTIF(coding!$D$2:$D$146,$A19) -> 1 | F19: =COUNTIF(coding!$E$2:$E$146,$A19) -> 1 | G19: =COUNTIF(coding!$F$2:$F$146,$A19) -> 0
A21: Units with no stance suggestion / no theme suggestion | C21: =SUMPRODUCT(--(coding!$C$2:$C$146="")) -> 1
A22: Model overrides: stance / themes | C22: =SUMPRODUCT(--(coding!$N$2:$N$146="OVERRIDE")) -> 5 | D22: =SUMPRODUCT(--(coding!$P$2:$P$146="OVERRIDE")) -> 30

Sheet suggestion_audit
A1: Where the model annotator diverged from the pre-existing suggestion columns
A2: These are model judgments, not human coding. Treat each as a proposal for the human coders to accept or reject.
A4: participant_id | B4: field | C4: suggested | D4: model code | E4: confidence | F4: reason
A5: P005 | B5: stance | C5: =IF(INDEX(coding!$C:$C,MATCH($A5,coding!$A:$A,0))="","(blank)",INDEX(coding!$C:$C,MATCH($A5,coding!$A:$A,0))) -> (blank) | D5: dependency | E5: high | F5: Suggestion blank. 'يهدم الابتكار والفردية' = destroys innovation and individuality. The keyword الابتكار is present but negated by يهدم; predicate governs, so dependency.
A6: P051 | B6: stance | C6: =IF(INDEX(coding!$C:$C,MATCH($A6,coding!$A:$A,0))="","(blank)",INDEX(coding!$C:$C,MATCH($A6,coding!$A:$A,0))) -> uncodable | D6: conditional | E6: high | F6: 'هذا وهذا' = this and that, i.e. both. Codebook puts 'both' under conditional. Suggestion said uncodable, but 'كلاهما' (P009/P025) was coded conditional - same meaning.
A7: P058 | B7: stance | C7: =IF(INDEX(coding!$C:$C,MATCH($A7,coding!$A:$A,0))="","(blank)",INDEX(coding!$C:$C,MATCH($A7,coding!$A:$A,0))) -> uncodable | D7: conditional | E7: high | F7: 'الاثنين' = both. Same phrase family as 'الاثنان معا' (P067) and 'الاثنين معا' (P118), both coded conditional. Suggestion said uncodable.
A8: P098 | B8: stance | C8: =IF(INDEX(coding!$C:$C,MATCH($A8,coding!$A:$A,0))="","(blank)",INDEX(coding!$C:$C,MATCH($A8,coding!$A:$A,0))) -> uncodable | D8: conditional | E8: high | F8: 'احايد هذا الرأي لأنه له الدورين حقيقةً' = I stay neutral because it genuinely has both roles. The clause after لأنه is an explicit 'both' statement, not an absence of stance.
A9: P139 | B9: stance | C9: =IF(INDEX(coding!$C:$C,MATCH($A9,coding!$A:$A,0))="","(blank)",INDEX(coding!$C:$C,MATCH($A9,coding!$A:$A,0))) -> uncodable | D9: conditional | E9: high | F9: 'الأثنين' = both. Same as P058/P118. Suggestion said uncodable.
A10: P008 | B10: themes | C10: =IF(INDEX(coding!$H:$H,MATCH($A10,coding!$A:$A,0))="","(blank)",INDEX(coding!$H:$H,MATCH($A10,coding!$A:$A,0))) -> T1 | D10: T2 | E10: high | F10: 'لا يفهم كثيرا ف اللغة' names language comprehension, not generic inaccuracy. Suggestion T1.
A11: P009 | B11: themes | C11: =IF(INDEX(coding!$H:$H,MATCH($A11,coding!$A:$A,0))="","(blank)",INDEX(coding!$H:$H,MATCH($A11,coding!$A:$A,0))) -> T1,T4 | D11: T2,T4 | E11: med | F11: 'التدقيق اللغوي والاملائي' - orthography/proofreading is an Arabic linguistic domain (T2), not generic inaccuracy. Depends on whether إملاء is admitted to T2 (see rule R-T2b).
A12: P014 | B12: themes | C12: =IF(INDEX(coding!$H:$H,MATCH($A12,coding!$A:$A,0))="","(blank)",INDEX(coding!$H:$H,MATCH($A12,coding!$A:$A,0))) -> T1 | D12: T1,T5 | E12: high | F12: 'قلة المعرفه به' = the student's own limited knowledge of the tool -> T5, missed by suggestion.
A13: P016 | B13: themes | C13: =IF(INDEX(coding!$H:$H,MATCH($A13,coding!$A:$A,0))="","(blank)",INDEX(coding!$H:$H,MATCH($A13,coding!$A:$A,0))) -> T1 | D13: T1,T8 | E13: low | F13: 'صعوبة العمل على ملفات كبيرة' = difficulty with large files -> a usage limit (T8) rather than an accuracy problem. Only holds if T8 is widened per rule R-T8.
A14: P017 | B14: themes | C14: =IF(INDEX(coding!$H:$H,MATCH($A14,coding!$A:$A,0))="","(blank)",INDEX(coding!$H:$H,MATCH($A14,coding!$A:$A,0))) -> T2 | D14: T2,T8 | E14: low | F14: 'تعليق البرنامج وتكراره' = the app hanging and repeating -> technical availability (T8) under R-T8.
A15: P029 | B15: themes | C15: =IF(INDEX(coding!$H:$H,MATCH($A15,coding!$A:$A,0))="","(blank)",INDEX(coding!$H:$H,MATCH($A15,coding!$A:$A,0))) -> T1,T2 | D15: T1,T2,T6 | E15: high | F15: 'عدم وجود اداه تجلب معلومات دقيقه عن اللغه العربيه' = absence of an Arabic tool -> T6, missed.
A16: P030 | B16: themes | C16: =IF(INDEX(coding!$H:$H,MATCH($A16,coding!$A:$A,0))="","(blank)",INDEX(coding!$H:$H,MATCH($A16,coding!$A:$A,0))) -> (blank) | D16: T9 | E16: high | F16: Suggestion blank. Both parts are '.' - no barrier stated.
A17: P036 | B17: themes | C17: =IF(INDEX(coding!$H:$H,MATCH($A17,coding!$A:$A,0))="","(blank)",INDEX(coding!$H:$H,MATCH($A17,coding!$A:$A,0))) -> T1,T8 | D17: T1,T4,T8 | E17: med | F17: 'بعض الإجابات تأتي من مصادر غير موثوقة' -> T4, missed by suggestion.
A18: P038 | B18: themes | C18: =IF(INDEX(coding!$H:$H,MATCH($A18,coding!$A:$A,0))="","(blank)",INDEX(coding!$H:$H,MATCH($A18,coding!$A:$A,0))) -> T9 | D18: T5 | E18: low | F18: 'كيفية صياغة المحتوى' listed as a challenge the student faces -> phrasing skill (T5). Reads as T9 only if the phrase is about the model's output rather than the student's prompting.
A19: P040 | B19: themes | C19: =IF(INDEX(coding!$H:$H,MATCH($A19,coding!$A:$A,0))="","(blank)",INDEX(coding!$H:$H,MATCH($A19,coding!$A:$A,0))) -> (blank) | D19: T9 | E19: high | F19: Suggestion blank. Both parts are '-'.
A20: P061 | B20: themes | C20: =IF(INDEX(coding!$H:$H,MATCH($A20,coding!$A:$A,0))="","(blank)",INDEX(coding!$H:$H,MATCH($A20,coding!$A:$A,0))) -> T3 | D20: T1,T3 | E20: med | F20: 'الموثوقية والأمانة العلمية' -> T1; the platform inventing a poem to answer -> T3. Suggestion had T3 only.
A21: P062 | B21: themes | C21: =IF(INDEX(coding!$H:$H,MATCH($A21,coding!$A:$A,0))="","(blank)",INDEX(coding!$H:$H,MATCH($A21,coding!$A:$A,0))) -> T1 | D21: T1,T2 | E21: low | F21: 'لا يتناول التحليل العميق' of Arabic texts -> T2 under rule R-T2a. Note the second half of this response is positive about rhetorical analysis and states no barrier.
... A39: P137 | B39: themes | C39: =IF(INDEX(coding!$H:$H,MATCH($A39,coding!$A:$A,0))="","(blank)",INDEX(coding!$H:$H,MATCH($A39,coding!$A:$A,0))) -> T1 | D39: T1,T8 | E39: low | F39: 'وعدم السرعة' = slowness -> T8 under R-T8. Suggestion T1.

Sheet training_check
A1: Rows already coded by the human coders - read before the main pass
A2: In five of these six rows both coders diverge from what the Arabic plainly states. Rows are correctly aligned in the file, so this is not an offset. Either the coders saw a fuller response than column B, or the training pass needs to be repeated before the remaining 139 units go out.
A4: participant_id | B4: stance_text | C4: suggested | D4: coder_1 | E4: coder_2 | F4: model | G4: comment
A5: P001 | B5: =INDEX(coding!$B:$B,MATCH($A5,coding!$A:$A,0)) -> الاعتمادية | C5: =INDEX(coding!$C:$C,MATCH($A5,coding!$A:$A,0)) -> dependency | D5: =INDEX(coding!$D:$D,MATCH($A5,coding!$A:$A,0)) -> dependency | E5: =INDEX(coding!$E:$E,MATCH($A5,coding!$A:$A,0)) -> dependency | F5: =INDEX(coding!$M:$M,MATCH($A5,coding!$A:$A,0)) -> dependency | G5: Agreed and consistent with the text.
A6: P002 | B6: =INDEX(coding!$B:$B,MATCH($A6,coding!$A:$A,0)) -> يؤدي إلى الاعتمادية | C6: =INDEX(coding!$C:$C,MATCH($A6,coding!$A:$A,0)) -> dependency | D6: =INDEX(coding!$D:$D,MATCH($A6,coding!$A:$A,0)) -> conditional | E6: =INDEX(coding!$E:$E,MATCH($A6,coding!$A:$A,0)) -> innovation | F6: =INDEX(coding!$M:$M,MATCH($A6,coding!$A:$A,0)) -> dependency | G6: Text states 'يؤدي إلى الاعتمادية' (leads to dependency). Neither coder chose dependency.
A7: P003 | B7: =INDEX(coding!$B:$B,MATCH($A7,coding!$A:$A,0)) -> يؤدي إلى الاعتمادية | C7: =INDEX(coding!$C:$C,MATCH($A7,coding!$A:$A,0)) -> dependency | D7: =INDEX(coding!$D:$D,MATCH($A7,coding!$A:$A,0)) -> uncodable | E7: =INDEX(coding!$E:$E,MATCH($A7,coding!$A:$A,0)) -> uncodable | F7: =INDEX(coding!$M:$M,MATCH($A7,coding!$A:$A,0)) -> dependency | G7: Same text as P002. Both coders chose uncodable on a plain, codable statement.
A8: P004 | B8: =INDEX(coding!$B:$B,MATCH($A8,coding!$A:$A,0)) -> إذا زاد استخدامه عن حده فيؤدي للاعتمادية | C8: =INDEX(coding!$C:$C,MATCH($A8,coding!$A:$A,0)) -> conditional | D8: =INDEX(coding!$D:$D,MATCH($A8,coding!$A:$A,0)) -> dependency | E8: =INDEX(coding!$E:$E,MATCH($A8,coding!$A:$A,0)) -> innovation | F8: =INDEX(coding!$M:$M,MATCH($A8,coding!$A:$A,0)) -> conditional | G8: 'إذا زاد استخدامه عن حده' makes this conditional. Coder 2 chose innovation, which the text does not support at all.
A9: P005 | B9: =INDEX(coding!$B:$B,MATCH($A9,coding!$A:$A,0)) -> يهدم الابتكار والفردية | C9: =INDEX(coding!$C:$C,MATCH($A9,coding!$A:$A,0)) -> 0 | D9: =INDEX(coding!$D:$D,MATCH($A9,coding!$A:$A,0)) -> innovation | E9: =INDEX(coding!$E:$E,MATCH($A9,coding!$A:$A,0)) -> conditional | F9: =INDEX(coding!$M:$M,MATCH($A9,coding!$A:$A,0)) -> dependency | G9: 'يهدم الابتكار والفردية' = destroys innovation. Coder 1 chose innovation, apparently on the keyword; the resolved value is conditional. Model reads this as dependency.
A10: P006 | B10: =INDEX(coding!$B:$B,MATCH($A10,coding!$A:$A,0)) -> يعزز الابتكار الفردي | C10: =INDEX(coding!$C:$C,MATCH($A10,coding!$A:$A,0)) -> innovation | D10: =INDEX(coding!$D:$D,MATCH($A10,coding!$A:$A,0)) -> conditional | E10: =INDEX(coding!$E:$E,MATCH($A10,coding!$A:$A,0)) -> 0 | F10: =INDEX(coding!$M:$M,MATCH($A10,coding!$A:$A,0)) -> innovation | G10: 'يعزز الابتكار الفردي' with no condition attached. Coder 1 chose conditional. Coder 2 has not coded it.

Sheet themes_matrix
A1: participant_id | B1: c1_coded | C1: c2_coded | D1: llm_coded | E1: c1_T1 | F1: c1_T2 | G1: c1_T3 | H1: c1_T4 | I1: c1_T5 | J1: c1_T6 | K1: c1_T7 | L1: c1_T8 | M1: c1_T9 | N1: c2_T1 | O1: c2_T2 | P1: c2_T3 | Q1: c2_T4 | R1: c2_T5 | S1: c2_T6 | T1: c2_T7 | U1: c2_T8 | V1: c2_T9 | W1: llm_T1 | X1: llm_T2 | Y1: llm_T3 | Z1: llm_T4 | AA1: llm_T5 | AB1: llm_T6 | AC1: llm_T7 | AD1: llm_T8 | AE1: llm_T9 | AF1: inter_c1c2 | AG1: union_c1c2 | AH1: jaccard_c1c2 | AI1: exact_c1c2 | AJ1: jaccard_llm_c1 | AK1: jaccard_llm_c2
A2: =coding!$A2 -> P001 | B2: =IF(coding!$I2="",0,1) -> 0 | C2: =IF(coding!$J2="",0,1) -> 0 | D2: =IF(coding!$O2="",0,1) -> 1 | E2: =IF(coding!$I2="",0,IF(ISNUMBER(SEARCH("T1",coding!$I2)),1,0)) -> 0 | F2: =IF(coding!$I2="",0,IF(ISNUMBER(SEARCH("T2",coding!$I2)),1,0)) -> 0 | G2: =IF(coding!$I2="",0,IF(ISNUMBER(SEARCH("T3",coding!$I2)),1,0)) -> 0 | H2: =IF(coding!$I2="",0,IF(ISNUMBER(SEARCH("T4",coding!$I2)),1,0)) -> 0 | I2: =IF(coding!$I2="",0,IF(ISNUMBER(SEARCH("T5",coding!$I2)),1,0)) -> 0 | J2: =IF(coding!$I2="",0,IF(ISNUMBER(SEARCH("T6",coding!$I2)),1,0)) -> 0 | K2: =IF(coding!$I2="",0,IF(ISNUMBER(SEARCH("T7",coding!$I2)),1,0)) -> 0 | L2: =IF(coding!$I2="",0,IF(ISNUMBER(SEARCH("T8",coding!$I2)),1,0)) -> 0 | M2: =IF(coding!$I2="",0,IF(ISNUMBER(SEARCH("T9",coding!$I2)),1,0)) -> 0 | N2: =IF(coding!$J2="",0,IF(ISNUMBER(SEARCH("T1",coding!$J2)),1,0)) -> 0 | O2: =IF(coding!$J2="",0,IF(ISNUMBER(SEARCH("T2",coding!$J2)),1,0)) -> 0 | P2: =IF(coding!$J2="",0,IF(ISNUMBER(SEARCH("T3",coding!$J2)),1,0)) -> 0 | Q2: =IF(coding!$J2="",0,IF(ISNUMBER(SEARCH("T4",coding!$J2)),1,0)) -> 0 | R2: =IF(coding!$J2="",0,IF(ISNUMBER(SEARCH("T5",coding!$J2)),1,0)) -> 0 | S2: =IF(coding!$J2="",0,IF(ISNUMBER(SEARCH("T6",coding!$J2)),1,0)) -> 0 | T2: =IF(coding!$J2="",0,IF(ISNUMBER(SEARCH("T7",coding!$J2)),1,0)) -> 0 | U2: =IF(coding!$J2="",0,IF(ISNUMBER(SEARCH("T8",coding!$J2)),1,0)) -> 0 | V2: =IF(coding!$J2="",0,IF(ISNUMBER(SEARCH("T9",coding!$J2)),1,0)) -> 0 | W2: =IF(coding!$O2="",0,IF(ISNUMBER(SEARCH("T1",coding!$O2)),1,0)) -> 1 | X2: =IF(coding!$O2="",0,IF(ISNUMBER(SEARCH("T2",coding!$O2)),1,0)) -> 0 | Y2: =IF(coding!$O2="",0,IF(ISNUMBER(SEARCH("T3",coding!$O2)),1,0)) -> 0 | Z2: =IF(coding!$O2="",0,IF(ISNUMBER(SEARCH("T4",coding!$O2)),1,0)) -> 0 | AA2: =IF(coding!$O2="",0,IF(ISNUMBER(SEARCH("T5",coding!$O2)),1,0)) -> 0 | AB2: =IF(coding!$O2="",0,IF(ISNUMBER(SEARCH("T6",coding!$O2)),1,0)) -> 0 | AC2: =IF(coding!$O2="",0,IF(ISNUMBER(SEARCH("T7",coding!$O2)),1,0)) -> 0 | AD2: =IF(coding!$O2="",0,IF(ISNUMBER(SEARCH("T8",coding!$O2)),1,0)) -> 0 | AE2: =IF(coding!$O2="",0,IF(ISNUMBER(SEARCH("T9",coding!$O2)),1,0)) -> 0 | AF2: =SUMPRODUCT($E2:$M2,$N2:$V2) -> 0 | AG2: =SUMPRODUCT(--(($E2:$M2+$N2:$V2)>0)) -> 0 | AH2: =IF(AND($B2=1,$C2=1),IF($AG2=0,1,$AF2/$AG2),"") | AI2: =IF(AND($B2=1,$C2=1),IF(coding!$I2=coding!$J2,1,0),"") | AJ2: =IF($B2=1,IF(SUMPRODUCT(--(($E2:$M2+$W2:$AE2)>0))=0,1,SUMPRODUCT($E2:$M2,$W2:$AE2)/SUMPRODUCT(--(($E2:$M2+$W2:$AE2)>0))),"") | AK2: =IF($C2=1,IF(SUMPRODUCT(--(($N2:$V2+$W2:$AE2)>0))=0,1,SUMPRODUCT($N2:$V2,$W2:$AE2)/SUMPRODUCT(--(($N2:$V2+$W2:$AE2)>0))),"")
A3: =coding!$A3 -> P002 | B3: =IF(coding!$I3="",0,1) -> 0 | C3: =IF(coding!$J3="",0,1) -> 0 | D3: =IF(coding!$O3="",0,1) -> 1 | E3: =IF(coding!$I3="",0,IF(ISNUMBER(SEARCH("T1",coding!$I3)),1,0)) -> 0 | F3: =IF(coding!$I3="",0,IF(ISNUMBER(SEARCH("T2",coding!$I3)),1,0)) -> 0 | G3: =IF(coding!$I3="",0,IF(ISNUMBER(SEARCH("T3",coding!$I3)),1,0)) -> 0 | H3: =IF(coding!$I3="",0,IF(ISNUMBER(SEARCH("T4",coding!$I3)),1,0)) -> 0 | I3: =IF(coding!$I3="",0,IF(ISNUMBER(SEARCH("T5",coding!$I3)),1,0)) -> 0 | J3: =IF(coding!$I3="",0,IF(ISNUMBER(SEARCH("T6",coding!$I3)),1,0)) -> 0 | K3: =IF(coding!$I3="",0,IF(ISNUMBER(SEARCH("T7",coding!$I3)),1,0)) -> 0 | L3: =IF(coding!$I3="",0,IF(ISNUMBER(SEARCH("T8",coding!$I3)),1,0)) -> 0 | M3: =IF(coding!$I3="",0,IF(ISNUMBER(SEARCH("T9",coding!$I3)),1,0)) -> 0 | N3: =IF(coding!$J3="",0,IF(ISNUMBER(SEARCH("T1",coding!$J3)),1,0)) -> 0 | O3: =IF(coding!$J3="",0,IF(ISNUMBER(SEARCH("T2",coding!$J3)),1,0)) -> 0 | P3: =IF(coding!$J3="",0,IF(ISNUMBER(SEARCH("T3",coding!$J3)),1,0)) -> 0 | Q3: =IF(coding!$J3="",0,IF(ISNUMBER(SEARCH("T4",coding!$J3)),1,0)) -> 0 | R3: =IF(coding!$J3="",0,IF(ISNUMBER(SEARCH("T5",coding!$J3)),1,0)) -> 0 | S3: =IF(coding!$J3="",0,IF(ISNUMBER(SEARCH("T6",coding!$J3)),1,0)) -> 0 | T3: =IF(coding!$J3="",0,IF(ISNUMBER(SEARCH("T7",coding!$J3)),1,0)) -> 0 | U3: =IF(coding!$J3="",0,IF(ISNUMBER(SEARCH("T8",coding!$J3)),1,0)) -> 0 | V3: =IF(coding!$J3="",0,IF(ISNUMBER(SEARCH("T9",coding!$J3)),1,0)) -> 0 | W3: =IF(coding!$O3="",0,IF(ISNUMBER(SEARCH("T1",coding!$O3)),1,0)) -> 1 | X3: =IF(coding!$O3="",0,IF(ISNUMBER(SEARCH("T2",coding!$O3)),1,0)) -> 0 | Y3: =IF(coding!$O3="",0,IF(ISNUMBER(SEARCH("T3",coding!$O3)),1,0)) -> 0 | Z3: =IF(coding!$O3="",0,IF(ISNUMBER(SEARCH("T4",coding!$O3)),1,0)) -> 1 | AA3: =IF(coding!$O3="",0,IF(ISNUMBER(SEARCH("T5",coding!$O3)),1,0)) -> 0 | AB3: =IF(coding!$O3="",0,IF(ISNUMBER(SEARCH("T6",coding!$O3)),1,0)) -> 0 | AC3: =IF(coding!$O3="",0,IF(ISNUMBER(SEARCH("T7",coding!$O3)),1,0)) -> 0 | AD3: =IF(coding!$O3="",0,IF(ISNUMBER(SEARCH("T8",coding!$O3)),1,0)) -> 0 | AE3: =IF(coding!$O3="",0,IF(ISNUMBER(SEARCH("T9",coding!$O3)),1,0)) -> 0 | AF3: =SUMPRODUCT($E3:$M3,$N3:$V3) -> 0 | AG3: =SUMPRODUCT(--(($E3:$M3+$N3:$V3)>0)) -> 0 | AH3: =IF(AND($B3=1,$C3=1),IF($AG3=0,1,$AF3/$AG3),"") | AI3: =IF(AND($B3=1,$C3=1),IF(coding!$I3=coding!$J3,1,0),"") | AJ3: =IF($B3=1,IF(SUMPRODUCT(--(($E3:$M3+$W3:$AE3)>0))=0,1,SUMPRODUCT($E3:$M3,$W3:$AE3)/SUMPRODUCT(--(($E3:$M3+$W3:$AE3)>0))),"") | AK3: =IF($C3=1,IF(SUMPRODUCT(--(($N3:$V3+$W3:$AE3)>0))=0,1,SUMPRODUCT($N3:$V3,$W3:$AE3)/SUMPRODUCT(--(($N3:$V3+$W3:$AE3)>0))),"")
A4: =coding!$A4 -> P003 | B4: =IF(coding!$I4="",0,1) -> 0 | C4: =IF(coding!$J4="",0,1) -> 0 | D4: =IF(coding!$O4="",0,1) -> 1 | E4: =IF(coding!$I4="",0,IF(ISNUMBER(SEARCH("T1",coding!$I4)),1,0)) -> 0 | F4: =IF(coding!$I4="",0,IF(ISNUMBER(SEARCH("T2",coding!$I4)),1,0)) -> 0 | G4: =IF(coding!$I4="",0,IF(ISNUMBER(SEARCH("T3",coding!$I4)),1,0)) -> 0 | H4: =IF(coding!$I4="",0,IF(ISNUMBER(SEARCH("T4",coding!$I4)),1,0)) -> 0 | I4: =IF(coding!$I4="",0,IF(ISNUMBER(SEARCH("T5",coding!$I4)),1,0)) -> 0 | J4: =IF(coding!$I4="",0,IF(ISNUMBER(SEARCH("T6",coding!$I4)),1,0)) -> 0 | K4: =IF(coding!$I4="",0,IF(ISNUMBER(SEARCH("T7",coding!$I4)),1,0)) -> 0 | L4: =IF(coding!$I4="",0,IF(ISNUMBER(SEARCH("T8",coding!$I4)),1,0)) -> 0 | M4: =IF(coding!$I4="",0,IF(ISNUMBER(SEARCH("T9",coding!$I4)),1,0)) -> 0 | N4: =IF(coding!$J4="",0,IF(ISNUMBER(SEARCH("T1",coding!$J4)),1,0)) -> 0 | O4: =IF(coding!$J4="",0,IF(ISNUMBER(SEARCH("T2",coding!$J4)),1,0)) -> 0 | P4: =IF(coding!$J4="",0,IF(ISNUMBER(SEARCH("T3",coding!$J4)),1,0)) -> 0 | Q4: =IF(coding!$J4="",0,IF(ISNUMBER(SEARCH("T4",coding!$J4)),1,0)) -> 0 | R4: =IF(coding!$J4="",0,IF(ISNUMBER(SEARCH("T5",coding!$J4)),1,0)) -> 0 | S4: =IF(coding!$J4="",0,IF(ISNUMBER(SEARCH("T6",coding!$J4)),1,0)) -> 0 | T4: =IF(coding!$J4="",0,IF(ISNUMBER(SEARCH("T7",coding!$J4)),1,0)) -> 0 | U4: =IF(coding!$J4="",0,IF(ISNUMBER(SEARCH("T8",coding!$J4)),1,0)) -> 0 | V4: =IF(coding!$J4="",0,IF(ISNUMBER(SEARCH("T9",coding!$J4)),1,0)) -> 0 | W4: =IF(coding!$O4="",0,IF(ISNUMBER(SEARCH("T1",coding!$O4)),1,0)) -> 0 | X4: =IF(coding!$O4="",0,IF(ISNUMBER(SEARCH("T2",coding!$O4)),1,0)) -> 0 | Y4: =IF(coding!$O4="",0,IF(ISNUMBER(SEARCH("T3",coding!$O4)),1,0)) -> 0 | Z4: =IF(coding!$O4="",0,IF(ISNUMBER(SEARCH("T4",coding!$O4)),1,0)) -> 0 | AA4: =IF(coding!$O4="",0,IF(ISNUMBER(SEARCH("T5",coding!$O4)),1,0)) -> 0 | AB4: =IF(coding!$O4="",0,IF(ISNUMBER(SEARCH("T6",coding!$O4)),1,0)) -> 0 | AC4: =IF(coding!$O4="",0,IF(ISNUMBER(SEARCH("T7",coding!$O4)),1,0)) -> 0 | AD4: =IF(coding!$O4="",0,IF(ISNUMBER(SEARCH("T8",coding!$O4)),1,0)) -> 0 | AE4: =IF(coding!$O4="",0,IF(ISNUMBER(SEARCH("T9",coding!$O4)),1,0)) -> 1 | AF4: =SUMPRODUCT($E4:$M4,$N4:$V4) -> 0 | AG4: =SUMPRODUCT(--(($E4:$M4+$N4:$V4)>0)) -> 0 | AH4: =IF(AND($B4=1,$C4=1),IF($AG4=0,1,$AF4/$AG4),"") | AI4: =IF(AND($B4=1,$C4=1),IF(coding!$I4=coding!$J4,1,0),"") | AJ4: =IF($B4=1,IF(SUMPRODUCT(--(($E4:$M4+$W4:$AE4)>0))=0,1,SUMPRODUCT($E4:$M4,$W4:$AE4)/SUMPRODUCT(--(($E4:$M4+$W4:$AE4)>0))),"") | AK4: =IF($C4=1,IF(SUMPRODUCT(--(($N4:$V4+$W4:$AE4)>0))=0,1,SUMPRODUCT($N4:$V4,$W4:$AE4)/SUMPRODUCT(--(($N4:$V4+$W4:$AE4)>0))),"")
A5: =coding!$A5 -> P004 | B5: =IF(coding!$I5="",0,1) -> 0 | C5: =IF(coding!$J5="",0,1) -> 0 | D5: =IF(coding!$O5="",0,1) -> 1 | E5: =IF(coding!$I5="",0,IF(ISNUMBER(SEARCH("T1",coding!$I5)),1,0)) -> 0 | F5: =IF(coding!$I5="",0,IF(ISNUMBER(SEARCH("T2",coding!$I5)),1,0)) -> 0 | G5: =IF(coding!$I5="",0,IF(ISNUMBER(SEARCH("T3",coding!$I5)),1,0)) -> 0 | H5: =IF(coding!$I5="",0,IF(ISNUMBER(SEARCH("T4",coding!$I5)),1,0)) -> 0 | I5: =IF(coding!$I5="",0,IF(ISNUMBER(SEARCH("T5",coding!$I5)),1,0)) -> 0 | J5: =IF(coding!$I5="",0,IF(ISNUMBER(SEARCH("T6",coding!$I5)),1,0)) -> 0 | K5: =IF(coding!$I5="",0,IF(ISNUMBER(SEARCH("T7",coding!$I5)),1,0)) -> 0 | L5: =IF(coding!$I5="",0,IF(ISNUMBER(SEARCH("T8",coding!$I5)),1,0)) -> 0 | M5: =IF(coding!$I5="",0,IF(ISNUMBER(SEARCH("T9",coding!$I5)),1,0)) -> 0 | N5: =IF(coding!$J5="",0,IF(ISNUMBER(SEARCH("T1",coding!$J5)),1,0)) -> 0 | O5: =IF(coding!$J5="",0,IF(ISNUMBER(SEARCH("T2",coding!$J5)),1,0)) -> 0 | P5: =IF(coding!$J5="",0,IF(ISNUMBER(SEARCH("T3",coding!$J5)),1,0)) -> 0 | Q5: =IF(coding!$J5="",0,IF(ISNUMBER(SEARCH("T4",coding!$J5)),1,0)) -> 0 | R5: =IF(coding!$J5="",0,IF(ISNUMBER(SEARCH("T5",coding!$J5)),1,0)) -> 0 | S5: =IF(coding!$J5="",0,IF(ISNUMBER(SEARCH("T6",coding!$J5)),1,0)) -> 0 | T5: =IF(coding!$J5="",0,IF(ISNUMBER(SEARCH("T7",coding!$J5)),1,0)) -> 0 | U5: =IF(coding!$J5="",0,IF(ISNUMBER(SEARCH("T8",coding!$J5)),1,0)) -> 0 | V5: =IF(coding!$J5="",0,IF(ISNUMBER(SEARCH("T9",coding!$J5)),1,0)) -> 0 | W5: =IF(coding!$O5="",0,IF(ISNUMBER(SEARCH("T1",coding!$O5)),1,0)) -> 1 | X5: =IF(coding!$O5="",0,IF(ISNUMBER(SEARCH("T2",coding!$O5)),1,0)) -> 0 | Y5: =IF(coding!$O5="",0,IF(ISNUMBER(SEARCH("T3",coding!$O5)),1,0)) -> 0 | Z5: =IF(coding!$O5="",0,IF(ISNUMBER(SEARCH("T4",coding!$O5)),1,0)) -> 1 | AA5: =IF(coding!$O5="",0,IF(ISNUMBER(SEARCH("T5",coding!$O5)),1,0)) -> 0 | AB5: =IF(coding!$O5="",0,IF(ISNUMBER(SEARCH("T6",coding!$O5)),1,0)) -> 0 | AC5: =IF(coding!$O5="",0,IF(ISNUMBER(SEARCH("T7",coding!$O5)),1,0)) -> 0 | AD5: =IF(coding!$O5="",0,IF(ISNUMBER(SEARCH("T8",coding!$O5)),1,0)) -> 0 | AE5: =IF(coding!$O5="",0,IF(ISNUMBER(SEARCH("T9",coding!$O5)),1,0)) -> 0 | AF5: =SUMPRODUCT($E5:$M5,$N5:$V5) -> 0 | AG5: =SUMPRODUCT(--(($E5:$M5+$N5:$V5)>0)) -> 0 | AH5: =IF(AND($B5=1,$C5=1),IF($AG5=0,1,$AF5/$AG5),"") | AI5: =IF(AND($B5=1,$C5=1),IF(coding!$I5=coding!$J5,1,0),"") | AJ5: =IF($B5=1,IF(SUMPRODUCT(--(($E5:$M5+$W5:$AE5)>0))=0,1,SUMPRODUCT($E5:$M5,$W5:$AE5)/SUMPRODUCT(--(($E5:$M5+$W5:$AE5)>0))),"") | AK5: =IF($C5=1,IF(SUMPRODUCT(--(($N5:$V5+$W5:$AE5)>0))=0,1,SUMPRODUCT($N5:$V5,$W5:$AE5)/SUMPRODUCT(--(($N5:$V5+$W5:$AE5)>0))),"")
A6: =coding!$A6 -> P005 | B6: =IF(coding!$I6="",0,1) -> 0 | C6: =IF(coding!$J6="",0,1) -> 0 | D6: =IF(coding!$O6="",0,1) -> 1 | E6: =IF(coding!$I6="",0,IF(ISNUMBER(SEARCH("T1",coding!$I6)),1,0)) -> 0 | F6: =IF(coding!$I6="",0,IF(ISNUMBER(SEARCH("T2",coding!$I6)),1,0)) -> 0 | G6: =IF(coding!$I6="",0,IF(ISNUMBER(SEARCH("T3",coding!$I6)),1,0)) -> 0 | H6: =IF(coding!$I6="",0,IF(ISNUMBER(SEARCH("T4",coding!$I6)),1,0)) -> 0 | I6: =IF(coding!$I6="",0,IF(ISNUMBER(SEARCH("T5",coding!$I6)),1,0)) -> 0 | J6: =IF(coding!$I6="",0,IF(ISNUMBER(SEARCH("T6",coding!$I6)),1,0)) -> 0 | K6: =IF(coding!$I6="",0,IF(ISNUMBER(SEARCH("T7",coding!$I6)),1,0)) -> 0 | L6: =IF(coding!$I6="",0,IF(ISNUMBER(SEARCH("T8",coding!$I6)),1,0)) -> 0 | M6: =IF(coding!$I6="",0,IF(ISNUMBER(SEARCH("T9",coding!$I6)),1,0)) -> 0 | N6: =IF(coding!$J6="",0,IF(ISNUMBER(SEARCH("T1",coding!$J6)),1,0)) -> 0 | O6: =IF(coding!$J6="",0,IF(ISNUMBER(SEARCH("T2",coding!$J6)),1,0)) -> 0 | P6: =IF(coding!$J6="",0,IF(ISNUMBER(SEARCH("T3",coding!$J6)),1,0)) -> 0 | Q6: =IF(coding!$J6="",0,IF(ISNUMBER(SEARCH("T4",coding!$J6)),1,0)) -> 0 | R6: =IF(coding!$J6="",0,IF(ISNUMBER(SEARCH("T5",coding!$J6)),1,0)) -> 0 | S6: =IF(coding!$J6="",0,IF(ISNUMBER(SEARCH("T6",coding!$J6)),1,0)) -> 0 | T6: =IF(coding!$J6="",0,IF(ISNUMBER(SEARCH("T7",coding!$J6)),1,0)) -> 0 | U6: =IF(coding!$J6="",0,IF(ISNUMBER(SEARCH("T8",coding!$J6)),1,0)) -> 0 | V6: =IF(coding!$J6="",0,IF(ISNUMBER(SEARCH("T9",coding!$J6)),1,0)) -> 0 | W6: =IF(coding!$O6="",0,IF(ISNUMBER(SEARCH("T1",coding!$O6)),1,0)) -> 1 | X6: =IF(coding!$O6="",0,IF(ISNUMBER(SEARCH("T2",coding!$O6)),1,0)) -> 1 | Y6: =IF(coding!$O6="",0,IF(ISNUMBER(SEARCH("T3",coding!$O6)),1,0)) -> 0 | Z6: =IF(coding!$O6="",0,IF(ISNUMBER(SEARCH("T4",coding!$O6)),1,0)) -> 0 | AA6: =IF(coding!$O6="",0,IF(ISNUMBER(SEARCH("T5",coding!$O6)),1,0)) -> 0 | AB6: =IF(coding!$O6="",0,IF(ISNUMBER(SEARCH("T6",coding!$O6)),1,0)) -> 0 | AC6: =IF(coding!$O6="",0,IF(ISNUMBER(SEARCH("T7",coding!$O6)),1,0)) -> 0 | AD6: =IF(coding!$O6="",0,IF(ISNUMBER(SEARCH("T8",coding!$O6)),1,0)) -> 0 | AE6: =IF(coding!$O6="",0,IF(ISNUMBER(SEARCH("T9",coding!$O6)),1,0)) -> 0 | AF6: =SUMPRODUCT($E6:$M6,$N6:$V6) -> 0 | AG6: =SUMPRODUCT(--(($E6:$M6+$N6:$V6)>0)) -> 0 | AH6: =IF(AND($B6=1,$C6=1),IF($AG6=0,1,$AF6/$AG6),"") | AI6: =IF(AND($B6=1,$C6=1),IF(coding!$I6=coding!$J6,1,0),"") | AJ6: =IF($B6=1,IF(SUMPRODUCT(--(($E6:$M6+$W6:$AE6)>0))=0,1,SUMPRODUCT($E6:$M6,$W6:$AE6)/SUMPRODUCT(--(($E6:$M6+$W6:$AE6)>0))),"") | AK6: =IF($C6=1,IF(SUMPRODUCT(--(($N6:$V6+$W6:$AE6)>0))=0,1,SUMPRODUCT($N6:$V6,$W6:$AE6)/SUMPRODUCT(--(($N6:$V6+$W6:$AE6)>0))),"")
A7: =coding!$A7 -> P006 | B7: =IF(coding!$I7="",0,1) -> 0 | C7: =IF(coding!$J7="",0,1) -> 0 | D7: =IF(coding!$O7="",0,1) -> 1 | E7: =IF(coding!$I7="",0,IF(ISNUMBER(SEARCH("T1",coding!$I7)),1,0)) -> 0 | F7: =IF(coding!$I7="",0,IF(ISNUMBER(SEARCH("T2",coding!$I7)),1,0)) -> 0 | G7: =IF(coding!$I7="",0,IF(ISNUMBER(SEARCH("T3",coding!$I7)),1,0)) -> 0 | H7: =IF(coding!$I7="",0,IF(ISNUMBER(SEARCH("T4",coding!$I7)),1,0)) -> 0 | I7: =IF(coding!$I7="",0,IF(ISNUMBER(SEARCH("T5",coding!$I7)),1,0)) -> 0 | J7: =IF(coding!$I7="",0,IF(ISNUMBER(SEARCH("T6",coding!$I7)),1,0)) -> 0 | K7: =IF(coding!$I7="",0,IF(ISNUMBER(SEARCH("T7",coding!$I7)),1,0)) -> 0 | L7: =IF(coding!$I7="",0,IF(ISNUMBER(SEARCH("T8",coding!$I7)),1,0)) -> 0 | M7: =IF(coding!$I7="",0,IF(ISNUMBER(SEARCH("T9",coding!$I7)),1,0)) -> 0 | N7: =IF(coding!$J7="",0,IF(ISNUMBER(SEARCH("T1",coding!$J7)),1,0)) -> 0 | O7: =IF(coding!$J7="",0,IF(ISNUMBER(SEARCH("T2",coding!$J7)),1,0)) -> 0 | P7: =IF(coding!$J7="",0,IF(ISNUMBER(SEARCH("T3",coding!$J7)),1,0)) -> 0 | Q7: =IF(coding!$J7="",0,IF(ISNUMBER(SEARCH("T4",coding!$J7)),1,0)) -> 0 | R7: =IF(coding!$J7="",0,IF(ISNUMBER(SEARCH("T5",coding!$J7)),1,0)) -> 0 | S7: =IF(coding!$J7="",0,IF(ISNUMBER(SEARCH("T6",coding!$J7)),1,0)) -> 0 | T7: =IF(coding!$J7="",0,IF(ISNUMBER(SEARCH("T7",coding!$J7)),1,0)) -> 0 | U7: =IF(coding!$J7="",0,IF(ISNUMBER(SEARCH("T8",coding!$J7)),1,0)) -> 0 | V7: =IF(coding!$J7="",0,IF(ISNUMBER(SEARCH("T9",coding!$J7)),1,0)) -> 0 | W7: =IF(coding!$O7="",0,IF(ISNUMBER(SEARCH("T1",coding!$O7)),1,0)) -> 0 | X7: =IF(coding!$O7="",0,IF(ISNUMBER(SEARCH("T2",coding!$O7)),1,0)) -> 1 | Y7: =IF(coding!$O7="",0,IF(ISNUMBER(SEARCH("T3",coding!$O7)),1,0)) -> 0 | Z7: =IF(coding!$O7="",0,IF(ISNUMBER(SEARCH("T4",coding!$O7)),1,0)) -> 0 | AA7: =IF(coding!$O7="",0,IF(ISNUMBER(SEARCH("T5",coding!$O7)),1,0)) -> 0 | AB7: =IF(coding!$O7="",0,IF(ISNUMBER(SEARCH("T6",coding!$O7)),1,0)) -> 0 | AC7: =IF(coding!$O7="",0,IF(ISNUMBER(SEARCH("T7",coding!$O7)),1,0)) -> 0 | AD7: =IF(coding!$O7="",0,IF(ISNUMBER(SEARCH("T8",coding!$O7)),1,0)) -> 0 | AE7: =IF(coding!$O7="",0,IF(ISNUMBER(SEARCH("T9",coding!$O7)),1,0)) -> 0 | AF7: =SUMPRODUCT($E7:$M7,$N7:$V7) -> 0 | AG7: =SUMPRODUCT(--(($E7:$M7+$N7:$V7)>0)) -> 0 | AH7: =IF(AND($B7=1,$C7=1),IF($AG7=0,1,$AF7/$AG7),"") | AI7: =IF(AND($B7=1,$C7=1),IF(coding!$I7=coding!$J7,1,0),"") | AJ7: =IF($B7=1,IF(SUMPRODUCT(--(($E7:$M7+$W7:$AE7)>0))=0,1,SUMPRODUCT($E7:$M7,$W7:$AE7)/SUMPRODUCT(--(($E7:$M7+$W7:$AE7)>0))),"") | AK7: =IF($C7=1,IF(SUMPRODUCT(--(($N7:$V7+$W7:$AE7)>0))=0,1,SUMPRODUCT($N7:$V7,$W7:$AE7)/SUMPRODUCT(--(($N7:$V7+$W7:$AE7)>0))),"")
A8: =coding!$A8 -> P007 | B8: =IF(coding!$I8="",0,1) -> 0 | C8: =IF(coding!$J8="",0,1) -> 0 | D8: =IF(coding!$O8="",0,1) -> 1 | E8: =IF(coding!$I8="",0,IF(ISNUMBER(SEARCH("T1",coding!$I8)),1,0)) -> 0 | F8: =IF(coding!$I8="",0,IF(ISNUMBER(SEARCH("T2",coding!$I8)),1,0)) -> 0 | G8: =IF(coding!$I8="",0,IF(ISNUMBER(SEARCH("T3",coding!$I8)),1,0)) -> 0 | H8: =IF(coding!$I8="",0,IF(ISNUMBER(SEARCH("T4",coding!$I8)),1,0)) -> 0 | I8: =IF(coding!$I8="",0,IF(ISNUMBER(SEARCH("T5",coding!$I8)),1,0)) -> 0 | J8: =IF(coding!$I8="",0,IF(ISNUMBER(SEARCH("T6",coding!$I8)),1,0)) -> 0 | K8: =IF(coding!$I8="",0,IF(ISNUMBER(SEARCH("T7",coding!$I8)),1,0)) -> 0 | L8: =IF(coding!$I8="",0,IF(ISNUMBER(SEARCH("T8",coding!$I8)),1,0)) -> 0 | M8: =IF(coding!$I8="",0,IF(ISNUMBER(SEARCH("T9",coding!$I8)),1,0)) -> 0 | N8: =IF(coding!$J8="",0,IF(ISNUMBER(SEARCH("T1",coding!$J8)),1,0)) -> 0 | O8: =IF(coding!$J8="",0,IF(ISNUMBER(SEARCH("T2",coding!$J8)),1,0)) -> 0 | P8: =IF(coding!$J8="",0,IF(ISNUMBER(SEARCH("T3",coding!$J8)),1,0)) -> 0 | Q8: =IF(coding!$J8="",0,IF(ISNUMBER(SEARCH("T4",coding!$J8)),1,0)) -> 0 | R8: =IF(coding!$J8="",0,IF(ISNUMBER(SEARCH("T5",coding!$J8)),1,0)) -> 0 | S8: =IF(coding!$J8="",0,IF(ISNUMBER(SEARCH("T6",coding!$J8)),1,0)) -> 0 | T8: =IF(coding!$J8="",0,IF(ISNUMBER(SEARCH("T7",coding!$J8)),1,0)) -> 0 | U8: =IF(coding!$J8="",0,IF(ISNUMBER(SEARCH("T8",coding!$J8)),1,0)) -> 0 | V8: =IF(coding!$J8="",0,IF(ISNUMBER(SEARCH("T9",coding!$J8)),1,0)) -> 0 | W8: =IF(coding!$O8="",0,IF(ISNUMBER(SEARCH("T1",coding!$O8)),1,0)) -> 1 | X8: =IF(coding!$O8="",0,IF(ISNUMBER(SEARCH("T2",coding!$O8)),1,0)) -> 0 | Y8: =IF(coding!$O8="",0,IF(ISNUMBER(SEARCH("T3",coding!$O8)),1,0)) -> 1 | Z8: =IF(coding!$O8="",0,IF(ISNUMBER(SEARCH("T4",coding!$O8)),1,0)) -> 0 | AA8: =IF(coding!$O8="",0,IF(ISNUMBER(SEARCH("T5",coding!$O8)),1,0)) -> 0 | AB8: =IF(coding!$O8="",0,IF(ISNUMBER(SEARCH("T6",coding!$O8)),1,0)) -> 0 | AC8: =IF(coding!$O8="",0,IF(ISNUMBER(SEARCH("T7",coding!$O8)),1,0)) -> 0 | AD8: =IF(coding!$O8="",0,IF(ISNUMBER(SEARCH("T8",coding!$O8)),1,0)) -> 0 | AE8: =IF(coding!$O8="",0,IF(ISNUMBER(SEARCH("T9",coding!$O8)),1,0)) -> 0 | AF8: =SUMPRODUCT($E8:$M8,$N8:$V8) -> 0 | AG8: =SUMPRODUCT(--(($E8:$M8+$N8:$V8)>0)) -> 0 | AH8: =IF(AND($B8=1,$C8=1),IF($AG8=0,1,$AF8/$AG8),"") | AI8: =IF(AND($B8=1,$C8=1),IF(coding!$I8=coding!$J8,1,0),"") | AJ8: =IF($B8=1,IF(SUMPRODUCT(--(($E8:$M8+$W8:$AE8)>0))=0,1,SUMPRODUCT($E8:$M8,$W8:$AE8)/SUMPRODUCT(--(($E8:$M8+$W8:$AE8)>0))),"") | AK8: =IF($C8=1,IF(SUMPRODUCT(--(($N8:$V8+$W8:$AE8)>0))=0,1,SUMPRODUCT($N8:$V8,$W8:$AE8)/SUMPRODUCT(--(($N8:$V8+$W8:$AE8)>0))),"")
A9: =coding!$A9 -> P008 | B9: =IF(coding!$I9="",0,1) -> 0 | C9: =IF(coding!$J9="",0,1) -> 0 | D9: =IF(coding!$O9="",0,1) -> 1 | E9: =IF(coding!$I9="",0,IF(ISNUMBER(SEARCH("T1",coding!$I9)),1,0)) -> 0 | F9: =IF(coding!$I9="",0,IF(ISNUMBER(SEARCH("T2",coding!$I9)),1,0)) -> 0 | G9: =IF(coding!$I9="",0,IF(ISNUMBER(SEARCH("T3",coding!$I9)),1,0)) -> 0 | H9: =IF(coding!$I9="",0,IF(ISNUMBER(SEARCH("T4",coding!$I9)),1,0)) -> 0 | I9: =IF(coding!$I9="",0,IF(ISNUMBER(SEARCH("T5",coding!$I9)),1,0)) -> 0 | J9: =IF(coding!$I9="",0,IF(ISNUMBER(SEARCH("T6",coding!$I9)),1,0)) -> 0 | K9: =IF(coding!$I9="",0,IF(ISNUMBER(SEARCH("T7",coding!$I9)),1,0)) -> 0 | L9: =IF(coding!$I9="",0,IF(ISNUMBER(SEARCH("T8",coding!$I9)),1,0)) -> 0 | M9: =IF(coding!$I9="",0,IF(ISNUMBER(SEARCH("T9",coding!$I9)),1,0)) -> 0 | N9: =IF(coding!$J9="",0,IF(ISNUMBER(SEARCH("T1",coding!$J9)),1,0)) -> 0 | O9: =IF(coding!$J9="",0,IF(ISNUMBER(SEARCH("T2",coding!$J9)),1,0)) -> 0 | P9: =IF(coding!$J9="",0,IF(ISNUMBER(SEARCH("T3",coding!$J9)),1,0)) -> 0 | Q9: =IF(coding!$J9="",0,IF(ISNUMBER(SEARCH("T4",coding!$J9)),1,0)) -> 0 | R9: =IF(coding!$J9="",0,IF(ISNUMBER(SEARCH("T5",coding!$J9)),1,0)) -> 0 | S9: =IF(coding!$J9="",0,IF(ISNUMBER(SEARCH("T6",coding!$J9)),1,0)) -> 0 | T9: =IF(coding!$J9="",0,IF(ISNUMBER(SEARCH("T7",coding!$J9)),1,0)) -> 0 | U9: =IF(coding!$J9="",0,IF(ISNUMBER(SEARCH("T8",coding!$J9)),1,0)) -> 0 | V9: =IF(coding!$J9="",0,IF(ISNUMBER(SEARCH("T9",coding!$J9)),1,0)) -> 0 | W9: =IF(coding!$O9="",0,IF(ISNUMBER(SEARCH("T1",coding!$O9)),1,0)) -> 0 | X9: =IF(coding!$O9="",0,IF(ISNUMBER(SEARCH("T2",coding!$O9)),1,0)) -> 1 | Y9: =IF(coding!$O9="",0,IF(ISNUMBER(SEARCH("T3",coding!$O9)),1,0)) -> 0 | Z9: =IF(coding!$O9="",0,IF(ISNUMBER(SEARCH("T4",coding!$O9)),1,0)) -> 0 | AA9: =IF(coding!$O9="",0,IF(ISNUMBER(SEARCH("T5",coding!$O9)),1,0)) -> 0 | AB9: =IF(coding!$O9="",0,IF(ISNUMBER(SEARCH("T6",coding!$O9)),1,0)) -> 0 | AC9: =IF(coding!$O9="",0,IF(ISNUMBER(SEARCH("T7",coding!$O9)),1,0)) -> 0 | AD9: =IF(coding!$O9="",0,IF(ISNUMBER(SEARCH("T8",coding!$O9)),1,0)) -> 0 | AE9: =IF(coding!$O9="",0,IF(ISNUMBER(SEARCH("T9",coding!$O9)),1,0)) -> 0 | AF9: =SUMPRODUCT($E9:$M9,$N9:$V9) -> 0 | AG9: =SUMPRODUCT(--(($E9:$M9+$N9:$V9)>0)) -> 0 | AH9: =IF(AND($B9=1,$C9=1),IF($AG9=0,1,$AF9/$AG9),"") | AI9: =IF(AND($B9=1,$C9=1),IF(coding!$I9=coding!$J9,1,0),"") | AJ9: =IF($B9=1,IF(SUMPRODUCT(--(($E9:$M9+$W9:$AE9)>0))=0,1,SUMPRODUCT($E9:$M9,$W9:$AE9)/SUMPRODUCT(--(($E9:$M9+$W9:$AE9)>0))),"") | AK9: =IF($C9=1,IF(SUMPRODUCT(--(($N9:$V9+$W9:$AE9)>0))=0,1,SUMPRODUCT($N9:$V9,$W9:$AE9)/SUMPRODUCT(--(($N9:$V9+$W9:$AE9)>0))),"")
A10: =coding!$A10 -> P009 | B10: =IF(coding!$I10="",0,1) -> 0 | C10: =IF(coding!$J10="",0,1) -> 0 | D10: =IF(coding!$O10="",0,1) -> 1 | E10: =IF(coding!$I10="",0,IF(ISNUMBER(SEARCH("T1",coding!$I10)),1,0)) -> 0 | F10: =IF(coding!$I10="",0,IF(ISNUMBER(SEARCH("T2",coding!$I10)),1,0)) -> 0 | G10: =IF(coding!$I10="",0,IF(ISNUMBER(SEARCH("T3",coding!$I10)),1,0)) -> 0 | H10: =IF(coding!$I10="",0,IF(ISNUMBER(SEARCH("T4",coding!$I10)),1,0)) -> 0 | I10: =IF(coding!$I10="",0,IF(ISNUMBER(SEARCH("T5",coding!$I10)),1,0)) -> 0 | J10: =IF(coding!$I10="",0,IF(ISNUMBER(SEARCH("T6",coding!$I10)),1,0)) -> 0 | K10: =IF(coding!$I10="",0,IF(ISNUMBER(SEARCH("T7",coding!$I10)),1,0)) -> 0 | L10: =IF(coding!$I10="",0,IF(ISNUMBER(SEARCH("T8",coding!$I10)),1,0)) -> 0 | M10: =IF(coding!$I10="",0,IF(ISNUMBER(SEARCH("T9",coding!$I10)),1,0)) -> 0 | N10: =IF(coding!$J10="",0,IF(ISNUMBER(SEARCH("T1",coding!$J10)),1,0)) -> 0 | O10: =IF(coding!$J10="",0,IF(ISNUMBER(SEARCH("T2",coding!$J10)),1,0)) -> 0 | P10: =IF(coding!$J10="",0,IF(ISNUMBER(SEARCH("T3",coding!$J10)),1,0)) -> 0 | Q10: =IF(coding!$J10="",0,IF(ISNUMBER(SEARCH("T4",coding!$J10)),1,0)) -> 0 | R10: =IF(coding!$J10="",0,IF(ISNUMBER(SEARCH("T5",coding!$J10)),1,0)) -> 0 | S10: =IF(coding!$J10="",0,IF(ISNUMBER(SEARCH("T6",coding!$J10)),1,0)) -> 0 | T10: =IF(coding!$J10="",0,IF(ISNUMBER(SEARCH("T7",coding!$J10)),1,0)) -> 0 | U10: =IF(coding!$J10="",0,IF(ISNUMBER(SEARCH("T8",coding!$J10)),1,0)) -> 0 | V10: =IF(coding!$J10="",0,IF(ISNUMBER(SEARCH("T9",coding!$J10)),1,0)) -> 0 | W10: =IF(coding!$O10="",0,IF(ISNUMBER(SEARCH("T1",coding!$O10)),1,0)) -> 0 | X10: =IF(coding!$O10="",0,IF(ISNUMBER(SEARCH("T2",coding!$O10)),1,0)) -> 1 | Y10: =IF(coding!$O10="",0,IF(ISNUMBER(SEARCH("T3",coding!$O10)),1,0)) -> 0 | Z10: =IF(coding!$O10="",0,IF(ISNUMBER(SEARCH("T4",coding!$O10)),1,0)) -> 1 | AA10: =IF(coding!$O10="",0,IF(ISNUMBER(SEARCH("T5",coding!$O10)),1,0)) -> 0 | AB10: =IF(coding!$O10="",0,IF(ISNUMBER(SEARCH("T6",coding!$O10)),1,0)) -> 0 | AC10: =IF(coding!$O10="",0,IF(ISNUMBER(SEARCH("T7",coding!$O10)),1,0)) -> 0 | AD10: =IF(coding!$O10="",0,IF(ISNUMBER(SEARCH("T8",coding!$O10)),1,0)) -> 0 | AE10: =IF(coding!$O10="",0,IF(ISNUMBER(SEARCH("T9",coding!$O10)),1,0)) -> 0 | AF10: =SUMPRODUCT($E10:$M10,$N10:$V10) -> 0 | AG10: =SUMPRODUCT(--(($E10:$M10+$N10:$V10)>0)) -> 0 | AH10: =IF(AND($B10=1,$C10=1),IF($AG10=0,1,$AF10/$AG10),"") | AI10: =IF(AND($B10=1,$C10=1),IF(coding!$I10=coding!$J10,1,0),"") | AJ10: =IF($B10=1,IF(SUMPRODUCT(--(($E10:$M10+$W10:$AE10)>0))=0,1,SUMPRODUCT($E10:$M10,$W10:$AE10)/SUMPRODUCT(--(($E10:$M10+$W10:$AE10)>0))),"") | AK10: =IF($C10=1,IF(SUMPRODUCT(--(($N10:$V10+$W10:$AE10)>0))=0,1,SUMPRODUCT($N10:$V10,$W10:$AE10)/SUMPRODUCT(--(($N10:$V10+$W10:$AE10)>0))),"")
A11: =coding!$A11 -> P010 | B11: =IF(coding!$I11="",0,1) -> 0 | C11: =IF(coding!$J11="",0,1) -> 0 | D11: =IF(coding!$O11="",0,1) -> 1 | E11: =IF(coding!$I11="",0,IF(ISNUMBER(SEARCH("T1",coding!$I11)),1,0)) -> 0 | F11: =IF(coding!$I11="",0,IF(ISNUMBER(SEARCH("T2",coding!$I11)),1,0)) -> 0 | G11: =IF(coding!$I11="",0,IF(ISNUMBER(SEARCH("T3",coding!$I11)),1,0)) -> 0 | H11: =IF(coding!$I11="",0,IF(ISNUMBER(SEARCH("T4",coding!$I11)),1,0)) -> 0 | I11: =IF(coding!$I11="",0,IF(ISNUMBER(SEARCH("T5",coding!$I11)),1,0)) -> 0 | J11: =IF(coding!$I11="",0,IF(ISNUMBER(SEARCH("T6",coding!$I11)),1,0)) -> 0 | K11: =IF(coding!$I11="",0,IF(ISNUMBER(SEARCH("T7",coding!$I11)),1,0)) -> 0 | L11: =IF(coding!$I11="",0,IF(ISNUMBER(SEARCH("T8",coding!$I11)),1,0)) -> 0 | M11: =IF(coding!$I11="",0,IF(ISNUMBER(SEARCH("T9",coding!$I11)),1,0)) -> 0 | N11: =IF(coding!$J11="",0,IF(ISNUMBER(SEARCH("T1",coding!$J11)),1,0)) -> 0 | O11: =IF(coding!$J11="",0,IF(ISNUMBER(SEARCH("T2",coding!$J11)),1,0)) -> 0 | P11: =IF(coding!$J11="",0,IF(ISNUMBER(SEARCH("T3",coding!$J11)),1,0)) -> 0 | Q11: =IF(coding!$J11="",0,IF(ISNUMBER(SEARCH("T4",coding!$J11)),1,0)) -> 0 | R11: =IF(coding!$J11="",0,IF(ISNUMBER(SEARCH("T5",coding!$J11)),1,0)) -> 0 | S11: =IF(coding!$J11="",0,IF(ISNUMBER(SEARCH("T6",coding!$J11)),1,0)) -> 0 | T11: =IF(coding!$J11="",0,IF(ISNUMBER(SEARCH("T7",coding!$J11)),1,0)) -> 0 | U11: =IF(coding!$J11="",0,IF(ISNUMBER(SEARCH("T8",coding!$J11)),1,0)) -> 0 | V11: =IF(coding!$J11="",0,IF(ISNUMBER(SEARCH("T9",coding!$J11)),1,0)) -> 0 | W11: =IF(coding!$O11="",0,IF(ISNUMBER(SEARCH("T1",coding!$O11)),1,0)) -> 0 | X11: =IF(coding!$O11="",0,IF(ISNUMBER(SEARCH("T2",coding!$O11)),1,0)) -> 0 | Y11: =IF(coding!$O11="",0,IF(ISNUMBER(SEARCH("T3",coding!$O11)),1,0)) -> 1 | Z11: =IF(coding!$O11="",0,IF(ISNUMBER(SEARCH("T4",coding!$O11)),1,0)) -> 0 | AA11: =IF(coding!$O11="",0,IF(ISNUMBER(SEARCH("T5",coding!$O11)),1,0)) -> 0 | AB11: =IF(coding!$O11="",0,IF(ISNUMBER(SEARCH("T6",coding!$O11)),1,0)) -> 0 | AC11: =IF(coding!$O11="",0,IF(ISNUMBER(SEARCH("T7",coding!$O11)),1,0)) -> 1 | AD11: =IF(coding!$O11="",0,IF(ISNUMBER(SEARCH("T8",coding!$O11)),1,0)) -> 0 | AE11: =IF(coding!$O11="",0,IF(ISNUMBER(SEARCH("T9",coding!$O11)),1,0)) -> 0 | AF11: =SUMPRODUCT($E11:$M11,$N11:$V11) -> 0 | AG11: =SUMPRODUCT(--(($E11:$M11+$N11:$V11)>0)) -> 0 | AH11: =IF(AND($B11=1,$C11=1),IF($AG11=0,1,$AF11/$AG11),"") | AI11: =IF(AND($B11=1,$C11=1),IF(coding!$I11=coding!$J11,1,0),"") | AJ11: =IF($B11=1,IF(SUMPRODUCT(--(($E11:$M11+$W11:$AE11)>0))=0,1,SUMPRODUCT($E11:$M11,$W11:$AE11)/SUMPRODUCT(--(($E11:$M11+$W11:$AE11)>0))),"") | AK11: =IF($C11=1,IF(SUMPRODUCT(--(($N11:$V11+$W11:$AE11)>0))=0,1,SUMPRODUCT($N11:$V11,$W11:$AE11)/SUMPRODUCT(--(($N11:$V11+$W11:$AE11)>0))),"")
A12: =coding!$A12 -> P011 | B12: =IF(coding!$I12="",0,1) -> 0 | C12: =IF(coding!$J12="",0,1) -> 0 | D12: =IF(coding!$O12="",0,1) -> 1 | E12: =IF(coding!$I12="",0,IF(ISNUMBER(SEARCH("T1",coding!$I12)),1,0)) -> 0 | F12: =IF(coding!$I12="",0,IF(ISNUMBER(SEARCH("T2",coding!$I12)),1,0)) -> 0 | G12: =IF(coding!$I12="",0,IF(ISNUMBER(SEARCH("T3",coding!$I12)),1,0)) -> 0 | H12: =IF(coding!$I12="",0,IF(ISNUMBER(SEARCH("T4",coding!$I12)),1,0)) -> 0 | I12: =IF(coding!$I12="",0,IF(ISNUMBER(SEARCH("T5",coding!$I12)),1,0)) -> 0 | J12: =IF(coding!$I12="",0,IF(ISNUMBER(SEARCH("T6",coding!$I12)),1,0)) -> 0 | K12: =IF(coding!$I12="",0,IF(ISNUMBER(SEARCH("T7",coding!$I12)),1,0)) -> 0 | L12: =IF(coding!$I12="",0,IF(ISNUMBER(SEARCH("T8",coding!$I12)),1,0)) -> 0 | M12: =IF(coding!$I12="",0,IF(ISNUMBER(SEARCH("T9",coding!$I12)),1,0)) -> 0 | N12: =IF(coding!$J12="",0,IF(ISNUMBER(SEARCH("T1",coding!$J12)),1,0)) -> 0 | O12: =IF(coding!$J12="",0,IF(ISNUMBER(SEARCH("T2",coding!$J12)),1,0)) -> 0 | P12: =IF(coding!$J12="",0,IF(ISNUMBER(SEARCH("T3",coding!$J12)),1,0)) -> 0 | Q12: =IF(coding!$J12="",0,IF(ISNUMBER(SEARCH("T4",coding!$J12)),1,0)) -> 0 | R12: =IF(coding!$J12="",0,IF(ISNUMBER(SEARCH("T5",coding!$J12)),1,0)) -> 0 | S12: =IF(coding!$J12="",0,IF(ISNUMBER(SEARCH("T6",coding!$J12)),1,0)) -> 0 | T12: =IF(coding!$J12="",0,IF(ISNUMBER(SEARCH("T7",coding!$J12)),1,0)) -> 0 | U12: =IF(coding!$J12="",0,IF(ISNUMBER(SEARCH("T8",coding!$J12)),1,0)) -> 0 | V12: =IF(coding!$J12="",0,IF(ISNUMBER(SEARCH("T9",coding!$J12)),1,0)) -> 0 | W12: =IF(coding!$O12="",0,IF(ISNUMBER(SEARCH("T1",coding!$O12)),1,0)) -> 0 | X12: =IF(coding!$O12="",0,IF(ISNUMBER(SEARCH("T2",coding!$O12)),1,0)) -> 0 | Y12: =IF(coding!$O12="",0,IF(ISNUMBER(SEARCH("T3",coding!$O12)),1,0)) -> 0 | Z12: =IF(coding!$O12="",0,IF(ISNUMBER(SEARCH("T4",coding!$O12)),1,0)) -> 0 | AA12: =IF(coding!$O12="",0,IF(ISNUMBER(SEARCH("T5",coding!$O12)),1,0)) -> 0 | AB12: =IF(coding!$O12="",0,IF(ISNUMBER(SEARCH("T6",coding!$O12)),1,0)) -> 1 | AC12: =IF(coding!$O12="",0,IF(ISNUMBER(SEARCH("T7",coding!$O12)),1,0)) -> 0 | AD12: =IF(coding!$O12="",0,IF(ISNUMBER(SEARCH("T8",coding!$O12)),1,0)) -> 0 | AE12: =IF(coding!$O12="",0,IF(ISNUMBER(SEARCH("T9",coding!$O12)),1,0)) -> 0 | AF12: =SUMPRODUCT($E12:$M12,$N12:$V12) -> 0 | AG12: =SUMPRODUCT(--(($E12:$M12+$N12:$V12)>0)) -> 0 | AH12: =IF(AND($B12=1,$C12=1),IF($AG12=0,1,$AF12/$AG12),"") | AI12: =IF(AND($B12=1,$C12=1),IF(coding!$I12=coding!$J12,1,0),"") | AJ12: =IF($B12=1,IF(SUMPRODUCT(--(($E12:$M12+$W12:$AE12)>0))=0,1,SUMPRODUCT($E12:$M12,$W12:$AE12)/SUMPRODUCT(--(($E12:$M12+$W12:$AE12)>0))),"") | AK12: =IF($C12=1,IF(SUMPRODUCT(--(($N12:$V12+$W12:$AE12)>0))=0,1,SUMPRODUCT($N12:$V12,$W12:$AE12)/SUMPRODUCT(--(($N12:$V12+$W12:$AE12)>0))),"")
A13: =coding!$A13 -> P012 | B13: =IF(coding!$I13="",0,1) -> 0 | C13: =IF(coding!$J13="",0,1) -> 0 | D13: =IF(coding!$O13="",0,1) -> 1 | E13: =IF(coding!$I13="",0,IF(ISNUMBER(SEARCH("T1",coding!$I13)),1,0)) -> 0 | F13: =IF(coding!$I13="",0,IF(ISNUMBER(SEARCH("T2",coding!$I13)),1,0)) -> 0 | G13: =IF(coding!$I13="",0,IF(ISNUMBER(SEARCH("T3",coding!$I13)),1,0)) -> 0 | H13: =IF(coding!$I13="",0,IF(ISNUMBER(SEARCH("T4",coding!$I13)),1,0)) -> 0 | I13: =IF(coding!$I13="",0,IF(ISNUMBER(SEARCH("T5",coding!$I13)),1,0)) -> 0 | J13: =IF(coding!$I13="",0,IF(ISNUMBER(SEARCH("T6",coding!$I13)),1,0)) -> 0 | K13: =IF(coding!$I13="",0,IF(ISNUMBER(SEARCH("T7",coding!$I13)),1,0)) -> 0 | L13: =IF(coding!$I13="",0,IF(ISNUMBER(SEARCH("T8",coding!$I13)),1,0)) -> 0 | M13: =IF(coding!$I13="",0,IF(ISNUMBER(SEARCH("T9",coding!$I13)),1,0)) -> 0 | N13: =IF(coding!$J13="",0,IF(ISNUMBER(SEARCH("T1",coding!$J13)),1,0)) -> 0 | O13: =IF(coding!$J13="",0,IF(ISNUMBER(SEARCH("T2",coding!$J13)),1,0)) -> 0 | P13: =IF(coding!$J13="",0,IF(ISNUMBER(SEARCH("T3",coding!$J13)),1,0)) -> 0 | Q13: =IF(coding!$J13="",0,IF(ISNUMBER(SEARCH("T4",coding!$J13)),1,0)) -> 0 | R13: =IF(coding!$J13="",0,IF(ISNUMBER(SEARCH("T5",coding!$J13)),1,0)) -> 0 | S13: =IF(coding!$J13="",0,IF(ISNUMBER(SEARCH("T6",coding!$J13)),1,0)) -> 0 | T13: =IF(coding!$J13="",0,IF(ISNUMBER(SEARCH("T7",coding!$J13)),1,0)) -> 0 | U13: =IF(coding!$J13="",0,IF(ISNUMBER(SEARCH("T8",coding!$J13)),1,0)) -> 0 | V13: =IF(coding!$J13="",0,IF(ISNUMBER(SEARCH("T9",coding!$J13)),1,0)) -> 0 | W13: =IF(coding!$O13="",0,IF(ISNUMBER(SEARCH("T1",coding!$O13)),1,0)) -> 0 | X13: =IF(coding!$O13="",0,IF(ISNUMBER(SEARCH("T2",coding!$O13)),1,0)) -> 1 | Y13: =IF(coding!$O13="",0,IF(ISNUMBER(SEARCH("T3",coding!$O13)),1,0)) -> 0 | Z13: =IF(coding!$O13="",0,IF(ISNUMBER(SEARCH("T4",coding!$O13)),1,0)) -> 0 | AA13: =IF(coding!$O13="",0,IF(ISNUMBER(SEARCH("T5",coding!$O13)),1,0)) -> 0 | AB13: =IF(coding!$O13="",0,IF(ISNUMBER(SEARCH("T6",coding!$O13)),1,0)) -> 0 | AC13: =IF(coding!$O13="",0,IF(ISNUMBER(SEARCH("T7",coding!$O13)),1,0)) -> 0 | AD13: =IF(coding!$O13="",0,IF(ISNUMBER(SEARCH("T8",coding!$O13)),1,0)) -> 0 | AE13: =IF(coding!$O13="",0,IF(ISNUMBER(SEARCH("T9",coding!$O13)),1,0)) -> 0 | AF13: =SUMPRODUCT($E13:$M13,$N13:$V13) -> 0 | AG13: =SUMPRODUCT(--(($E13:$M13+$N13:$V13)>0)) -> 0 | AH13: =IF(AND($B13=1,$C13=1),IF($AG13=0,1,$AF13/$AG13),"") | AI13: =IF(AND($B13=1,$C13=1),IF(coding!$I13=coding!$J13,1,0),"") | AJ13: =IF($B13=1,IF(SUMPRODUCT(--(($E13:$M13+$W13:$AE13)>0))=0,1,SUMPRODUCT($E13:$M13,$W13:$AE13)/SUMPRODUCT(--(($E13:$M13+$W13:$AE13)>0))),"") | AK13: =IF($C13=1,IF(SUMPRODUCT(--(($N13:$V13+$W13:$AE13)>0))=0,1,SUMPRODUCT($N13:$V13,$W13:$AE13)/SUMPRODUCT(--(($N13:$V13+$W13:$AE13)>0))),"")
... A146: =coding!$A146 -> P145 | B146: =IF(coding!$I146="",0,1) -> 0 | C146: =IF(coding!$J146="",0,1) -> 0 | D146: =IF(coding!$O146="",0,1) -> 1 | E146: =IF(coding!$I146="",0,IF(ISNUMBER(SEARCH("T1",coding!$I146)),1,0)) -> 0 | F146: =IF(coding!$I146="",0,IF(ISNUMBER(SEARCH("T2",coding!$I146)),1,0)) -> 0 | G146: =IF(coding!$I146="",0,IF(ISNUMBER(SEARCH("T3",coding!$I146)),1,0)) -> 0 | H146: =IF(coding!$I146="",0,IF(ISNUMBER(SEARCH("T4",coding!$I146)),1,0)) -> 0 | I146: =IF(coding!$I146="",0,IF(ISNUMBER(SEARCH("T5",coding!$I146)),1,0)) -> 0 | J146: =IF(coding!$I146="",0,IF(ISNUMBER(SEARCH("T6",coding!$I146)),1,0)) -> 0 | K146: =IF(coding!$I146="",0,IF(ISNUMBER(SEARCH("T7",coding!$I146)),1,0)) -> 0 | L146: =IF(coding!$I146="",0,IF(ISNUMBER(SEARCH("T8",coding!$I146)),1,0)) -> 0 | M146: =IF(coding!$I146="",0,IF(ISNUMBER(SEARCH("T9",coding!$I146)),1,0)) -> 0 | N146: =IF(coding!$J146="",0,IF(ISNUMBER(SEARCH("T1",coding!$J146)),1,0)) -> 0 | O146: =IF(coding!$J146="",0,IF(ISNUMBER(SEARCH("T2",coding!$J146)),1,0)) -> 0 | P146: =IF(coding!$J146="",0,IF(ISNUMBER(SEARCH("T3",coding!$J146)),1,0)) -> 0 | Q146: =IF(coding!$J146="",0,IF(ISNUMBER(SEARCH("T4",coding!$J146)),1,0)) -> 0 | R146: =IF(coding!$J146="",0,IF(ISNUMBER(SEARCH("T5",coding!$J146)),1,0)) -> 0 | S146: =IF(coding!$J146="",0,IF(ISNUMBER(SEARCH("T6",coding!$J146)),1,0)) -> 0 | T146: =IF(coding!$J146="",0,IF(ISNUMBER(SEARCH("T7",coding!$J146)),1,0)) -> 0 | U146: =IF(coding!$J146="",0,IF(ISNUMBER(SEARCH("T8",coding!$J146)),1,0)) -> 0 | V146: =IF(coding!$J146="",0,IF(ISNUMBER(SEARCH("T9",coding!$J146)),1,0)) -> 0 | W146: =IF(coding!$O146="",0,IF(ISNUMBER(SEARCH("T1",coding!$O146)),1,0)) -> 1 | X146: =IF(coding!$O146="",0,IF(ISNUMBER(SEARCH("T2",coding!$O146)),1,0)) -> 1 | Y146: =IF(coding!$O146="",0,IF(ISNUMBER(SEARCH("T3",coding!$O146)),1,0)) -> 0 | Z146: =IF(coding!$O146="",0,IF(ISNUMBER(SEARCH("T4",coding!$O146)),1,0)) -> 0 | AA146: =IF(coding!$O146="",0,IF(ISNUMBER(SEARCH("T5",coding!$O146)),1,0)) -> 0 | AB146: =IF(coding!$O146="",0,IF(ISNUMBER(SEARCH("T6",coding!$O146)),1,0)) -> 0 | AC146: =IF(coding!$O146="",0,IF(ISNUMBER(SEARCH("T7",coding!$O146)),1,0)) -> 0 | AD146: =IF(coding!$O146="",0,IF(ISNUMBER(SEARCH("T8",coding!$O146)),1,0)) -> 0 | AE146: =IF(coding!$O146="",0,IF(ISNUMBER(SEARCH("T9",coding!$O146)),1,0)) -> 0 | AF146: =SUMPRODUCT($E146:$M146,$N146:$V146) -> 0 | AG146: =SUMPRODUCT(--(($E146:$M146+$N146:$V146)>0)) -> 0 | AH146: =IF(AND($B146=1,$C146=1),IF($AG146=0,1,$AF146/$AG146),"") | AI146: =IF(AND($B146=1,$C146=1),IF(coding!$I146=coding!$J146,1,0),"") | AJ146: =IF($B146=1,IF(SUMPRODUCT(--(($E146:$M146+$W146:$AE146)>0))=0,1,SUMPRODUCT($E146:$M146,$W146:$AE146)/SUMPRODUCT(--(($E146:$M146+$W146:$AE146)>0))),"") | AK146: =IF($C146=1,IF(SUMPRODUCT(--(($N146:$V146+$W146:$AE146)>0))=0,1,SUMPRODUCT($N146:$V146,$W146:$AE146)/SUMPRODUCT(--(($N146:$V146+$W146:$AE146)>0))),"")

Sheet provenance
A1: Annotation provenance - fill this into the methods section
A3: Design | B3: LLM-as-annotator. A language model applies the codebook to all 145 units; a stratified random human-coded subsample provides the gold standard against which model codes are validated.
A4: Units | B4: 145 Arabic free-text survey responses, two measures (stance, 4 nominal codes; barrier themes, 9 codes, multi-label).
A5: Codebook version | B5: Original definitions plus 15 decision rules added after an audit of the machine suggestion layer. See the codebook sheet. Four open gaps (G1-G4) are documented there.
A6: Model | B6: RECORD THE EXACT MODEL AND VERSION STRING USED.
A7: Run date | B7: RECORD.
A8: Temperature | B8: 1.0 for the multi-run self-consistency estimate.
A9: Runs | B9: RECORD (>=3 recommended). Each unit in each run is a separate API call with no shared context and no sight of other runs; unit order is reshuffled per run.
A10: Aggregation | B10: Majority vote across runs. Report the proportion of units where runs were unanimous.
A11: Suggestions visible? | B11: The exploratory pass in coding!M:R saw the pre-existing stance_suggested and barriers_suggested values. The runs produced by llm_annotator_runs.py are blind. Report these separately; do not pool them.
A12: Self-consistency | B12: Krippendorff's alpha across runs, computed in llm_annotator_runs.py. This is intra-annotator reliability, NOT intercoder reliability.
A13: Human validation | B13: n=36 (24.8%), stratified random by model stance code, seed 20260904, coded blind on the validation_sample sheet. Report accuracy and Cohen's kappa against it.
A14: Low-confidence units | B14: 11 units are flagged 'low' in coding!Q. Have a human check these too, but report them separately - folding them into the validation sample would bias the accuracy estimate.
... A16: Prior human coding | B16: 6 units were coded by hand before this design change. Five of the six diverge from the plain reading of the text (see training_check). Exclude them or recode them; do not carry them into the gold standard as they stand.
A18: ACTUAL RUN — 2026-09-04
A19: Design as run | B19: Two models annotate blind and independently; a third adjudicates disputed units only, seeing candidate codes anonymised and order-shuffled.
A20: Annotator A | B20: openai:gpt-5.5 — 141/145 units returned
A21: Annotator B | B21: gemini:gemini-2.5-pro — 145/145
A22: Adjudicator | B22: gemini:gemini-3-flash-preview — 22 disputed units
A23: Independence limitation | B23: Annotator B and the adjudicator share a provider. Report as a pilot; substitute a third lab before claiming three independent annotators.
A24: Temperature | B24: 1.0
A25: Suggestions visible | B25: No. Annotators saw only the Arabic text and the codebook.
A26: Codebook version at run time | B26: Decision rules as of 2026-09-04, with R-T5 at v1. R-T5b is a later amendment and does NOT describe this run.
A27: Inter-model agreement | B27: stance 0.9929 observed, Krippendorff alpha 0.9892; themes exact-set 0.8511, alpha 0.8319. n=141.
A28: Interpretation limit | B28: These are inter-model figures. They cannot establish that the codes are correct — only that two models converged. The 36-unit blind human sample is what supplies validity.
A29: Outstanding | B29: 4 failed units and 8 T5-boundary units listed in recode_queue; 36-unit human validation sample not yet coded.

Sheet multi_model_coding
A1: participant_id | B1: A_stance [openai:gpt-5.5] | C1: A_themes [openai:gpt-5.5] | D1: A_reason | E1: B_stance [gemini:gemini-2.5-pro] | F1: B_themes [gemini:gemini-2.5-pro] | G1: B_reason | H1: stance_agree | I1: themes_agree | J1: disputed | K1: ADJ_stance [gemini:gemini-3-flash-preview] | L1: ADJ_themes [gemini:gemini-3-flash-preview] | M1: ADJ_reason | N1: option_order_shown | O1: FINAL_stance | P1: FINAL_themes
A2: P001 | B2: dependency | C2: T1 | D2: The stance explicitly indicates dependency, and the barriers describe inaccurate or inconsistent information. | E2: dependency | F2: T1 | G2: The response states AI use leads to dependency and complains that the answers are inaccurate and the information is inconsistent. | H2: 1 | I2: 1 | J2: 0 | O2: dependency | P2: T1
A3: P002 | B3: dependency | C3: T1,T4 | D3: The stance explicitly says AI leads to dependency, and the barriers mention accuracy and scarcity of sources/references. | E3: dependency | F3: T1,T4 | G3: The user states that AI leads to dependency, and its outputs are inaccurate and lack sources and references. | H3: 1 | I3: 1 | J3: 0 | O3: dependency | P3: T1,T4
A4: P003 | B4: dependency | C4: T9 | D4: The stance explicitly says AI leads to dependency, and the barrier response states no specific barrier. | E4: dependency | F4: T9 | G4: The response states that AI use leads to dependency. | H4: 1 | I4: 1 | J4: 0 | O4: dependency | P4: T9
A5: P004 | B5: conditional | C5: T1,T4 | D5: يشترط الجواب أن زيادة الاستخدام عن الحد تؤدي للاعتمادية، وتذكر العوائق نقص المصادر الموثوقة وقلة الدقة في المعاني. | E5: conditional | F5: T1,T4,T5 | G5: The response states that dependency is the outcome only if the use of AI exceeds a certain limit. | H5: 1 | I5: 0 | J5: 1 | K5: conditional | L5: T1,T4,T5 | M5: The stance is conditional due to the 'if' condition (R-S4). The themes include T1 (lack of accuracy), T4 (lack of sources), and T5 based on the phrase 'lack of understanding' (R-T5). | N5: A-first | O5: conditional | P5: T1,T4,T5
A6: P005 | B6: dependency | C6: T1,T2 | D6: The stance says AI destroys innovation and individuality, while the barriers describe unreliable output and weak handling of Arabic. | E6: dependency | F6: T1,T2 | G6: The response states that AI use destroys innovation and individuality, is unreliable for deep study, and cannot handle the Arabic language except in the simplest cases. | H6: 1 | I6: 1 | J6: 0 | O6: dependency | P6: T1,T2
A7: P006 | B7: innovation | C7: T2 | D7: The stance explicitly says AI enhances individual innovation, and the barriers describe weak understanding of Arabic language rules/grammar. | E7: innovation | F7: T2 | G7: The response states that AI enhances individual innovation. | H7: 1 | I7: 1 | J7: 0 | O7: innovation | P7: T2
A8: P007 | B8: uncodable | C8: T1,T2 | D8: The stance response is a non-responsive token, while the barriers mention wrong information and incorrect analysis of verses, an Arabic literary domain. | E8: uncodable | F8: T1,T2,T3 | G8: The response states the AI provides wrong information, analyzes poetic verses incorrectly, and invents content. | H8: 1 | I8: 0 | J8: 1 | K8: uncodable | L8: T1,T2,T3 | M8: The stance is uncodable per rule R-S7 which explicitly lists 'في بعض الأحيان' as non-responsive. The themes include T1 for 'المعلومات الخاطئة', T2 for poetry analysis ('تحليله للأبيات') per rule R-T2a, and T3 for the model inventing its own content ('أشياء من تأليفه') in a literary context. | N8: A-first | O8: uncodable | P8: T1,T2,T3
A9: P008 | B9: uncodable | C9: T2 | D9: The stance response is a non-responsive token, while the barrier says the tool does not understand much in the language, indicating weak Arabic performance. | E9: uncodable | F9: T5 | G9: The stance response is an uncodable non-responsive token, and the barrier is that the AI does not understand the language, which points to a user prompting skill issue. | H9: 1 | I9: 0 | J9: 1 | K9: uncodable | L9: T2 | M9: The stance response is a non-responsive punctuation mark (R-S7). The barrier response states the model does not understand much in the language, which is a general weakness in Arabic (R-T2a). | N9: B-first | O9: uncodable | P9: T2
A10: P009 | B10: conditional | C10: T2,T4 | D10: The stance is a bare 'كلاهما' indicating both outcomes, while the barriers mention linguistic/orthographic proofreading and reference accuracy. | E10: conditional | F10: T2,T4 | G10: The respondent states both outcomes are possible. | H10: 1 | I10: 1 | J10: 0 | O10: conditional | P10: T2,T4
A11: P010 | B11: innovation | C11: T3,T7 | D11: يصرح بأن الذكاء الاصطناعي يعزز الابتكار والفردية، ويذكر مقاومة الدكاترة للاستخدام وخطأ نسبة البيت إلى الشاعر. | E11: innovation | F11: T3,T7 | G11: The response states that AI use fosters innovation and individuality. | H11: 1 | I11: 1 | J11: 0 | O11: innovation | P11: T3,T7
A12: P011 | B12: innovation | C12: T6 | D12: The stance explicitly says AI fosters innovation, and the barrier is the lack of applications that support Arabic. | E12: innovation | F12: T6 | G12: The response states that AI use enhances innovation. | H12: 1 | I12: 1 | J12: 0 | O12: innovation | P12: T6
A13: P012 | B13: conditional | C13: T2 | D13: The stance says both outcomes are possible, and the barriers state that AI does not understand Arabic grammar. | E13: conditional | F13: T2 | G13: The response states that both outcomes are possible and that the AI does not understand Arabic grammar (nahw). | H13: 1 | I13: 1 | J13: 0 | O13: conditional | P13: T2
A14: P013 | B14: innovation | C14: T1 | D14: The stance says AI enhances innovation and supports students, while the barrier mentions weak scientific accuracy. | E14: innovation | F14: T1 | G14: The response states that AI enhances innovation and supports the student in various aspects. | H14: 1 | I14: 1 | J14: 0 | O14: innovation | P14: T1
A15: P014 | B15: conditional | C15: T1,T5 | D15: The stance says both together, while the barriers mention lack of knowledge about using it and wrong or inaccurate information/analysis. | E15: conditional | F15: T1,T5 | G15: The response states 'both together,' indicating a conditional outcome. | H15: 1 | I15: 1 | J15: 0 | O15: conditional | P15: T1,T5
A16: P015 | B16: conditional | C16: T1,T2,T4 | D16: The stance says outcomes differ between excessive reliance and creative use, while the barriers mention wrong/misleading answers, lack of documentation, and weakness in iʿrāb/Arabic analysis. | E16: conditional | F16: T1,T2,T4 | G16: The stance is conditional because it states that the outcome depends on the person, as some people rely on it excessively while others use it for innovation. | H16: 1 | I16: 1 | J16: 0 | O16: conditional | P16: T1,T2,T4
A17: P016 | B17: conditional | C17: T1,T2,T8 | D17: The stance says the outcome depends on the way AI is used, and the barriers mention inaccurate results/data and analyses in Arabic literature plus difficulty handling large files. | E17: conditional | F17: T1,T8 | G17: The stance is conditional because the outcome depends on the method of use, and the barriers are inaccurate results and analyses in Arabic literature and difficulty working with large files. | H17: 1 | I17: 0 | J17: 1 | K17: conditional | L17: T1,T2,T8 | M17: The stance is conditional based on the method of use (R-S4). Themes include inaccuracy (T1), a specific Arabic literary domain (T2 per R-T2a), and file size limitations (T8 per R-T8). | N17: A-first | O17: conditional | P17: T1,T2,T8
A18: P017 | B18: innovation | C18: T2,T8 | D18: The stance explicitly says AI enhances innovation and individuality, while the barriers mention the program hanging and weak understanding of Arabic grammar rules. | E18: innovation | F18: T2,T8 | G18: The response states that AI use enhances innovation and individuality. | H18: 1 | I18: 1 | J18: 0 | O18: innovation | P18: T2,T8
A19: P018 | B19: conditional | C19: T1,T4 | D19: The stance says AI fosters innovation with conscious use but may cause dependency if misused, and the barriers mention inaccurate results and difficulty verifying sources. | E19: conditional | F19: T1,T4 | G19: The outcome depends on how the tool is used, fostering innovation with conscious use and causing dependency with misuse. | H19: 1 | I19: 1 | J19: 0 | O19: conditional | P19: T1,T4
A20: P019 | B20: conditional | C20: T1 | D20: الموقف مشروط لأنه يربط النتيجة بطريقة الاستخدام، والعائق المذكور هو عدم دقة المعلومات وضعف فهم السياق. | E20: conditional | F20: T1,T5 | G20: The response states that the outcome depends on the method of use. | H20: 1 | I20: 0 | J20: 1 | K20: conditional | L20: T1,T5 | M20: The stance is conditional because it explicitly states the outcome depends on the method of use (Rule R-S4). For themes, T1 is assigned for inaccuracy ('عدم دقة المعلومات') and T5 for the model's failure to understand context ('ضعف الفهم للسياق'), per Rule R-T5. | N20: A-first | O20: conditional | P20: T1,T5
A21: P020 | B21: innovation | C21: T1,T2 | D21: The stance says AI enhances innovation, while the barriers mention inaccurate answers and failure on a grammar question involving Arabic النحو. | E21: innovation | F21: T1,T2 | G21: The respondent sees AI as enhancing innovation. | H21: 1 | I21: 1 | J21: 0 | O21: innovation | P21: T1,T2
A22: P021 | B22: conditional | C22: T1 | D22: تذكر الإجابة أن الأثر يعتمد على طريقة الاستخدام، بينما تشير العوائق إلى عدم دقة المعلومات والإجابات والحاجة إلى التحقق منها. | E22: conditional | F22: T1 | G22: The response states that AI can lead to dependency if misused but enhances innovation if used as a supportive tool, so the effect depends on the method of use. | H22: 1 | I22: 1 | J22: 0 | O22: conditional | P22: T1
A23: P022 | B23: conditional | C23: T2,T3,T4 | D23: يرى أن الأثر يعتمد على طريقة الاستخدام، وتذكر العوائق ضعف العربية والصرف والإعراب، ونسبة الأبيات أو اختراعها، ومشكلات المصادر والتوثيق. | E23: conditional | F23: T2,T3,T4 | G23: The response states that the outcome depends on the user's method, fostering innovation in one case and dependency in the other. | H23: 1 | I23: 1 | J23: 0 | O23: conditional | P23: T2,T3,T4
A24: P023 | B24: conditional | C24: T1,T5,T6 | D24: The stance explicitly says both outcomes depend on the user’s use and skills, and the barriers mention limited appraisal skill, answer accuracy, and tools oriented toward English rather than Arabic. | E24: conditional | F24: T1,T5,T6 | G24: The response states that the outcome can be both, depending on the person's use, experience, and ability to write prompts and verify the output. | H24: 1 | I24: 1 | J24: 0 | O24: conditional | P24: T1,T5,T6
A25: P024 | B25: conditional | C25: T1 | D25: يرى أن الأثر يعتمد على التدقيق والتحقق من المعلومة، أما العوائق فتتعلق بدقة وموثوقية المعلومات ووجود معلومات خاطئة أو غير ذات صلة. | E25: conditional | F25: T1 | G25: The outcome depends on whether the user verifies the AI's information or not. | H25: 1 | I25: 1 | J25: 0 | O25: conditional | P25: T1
A26: P025 | B26: conditional | C26: T1 | D26: الاستجابة تقول «كلاهما» فهي شرطية، والحواجز تذكر عدم الدقة وكثرة الأخطاء والمعلومات الخاطئة. | E26: conditional | F26: T1 | G26: The respondent states that AI use leads to both outcomes and complains about inaccurate information and frequent errors. | H26: 1 | I26: 1 | J26: 0 | O26: conditional | P26: T1
A27: P026 | B27: conditional | C27: T1,T2,T6,T7 | D27: The stance explicitly depends on how the individual uses AI, while the barriers mention inaccurate/wrong Arabic output, weak usefulness for grammar, lack of Arabic support in image generation, and faculty refusal of AI use. | E27: conditional | F27: T1,T2,T6,T7 | G27: The response states that the outcome depends on how the individual uses AI, leading to dependency with overuse but innovation with appropriate and intelligent use. | H27: 1 | I27: 1 | J27: 0 | O27: conditional | P27: T1,T2,T6,T7
A28: P027 | B28: dependency | C28: T1,T4 | D28: The stance says AI leads more to dependency, and the barriers mention inaccurate information/explanations and inaccurate sources. | E28: dependency | F28: T1,T4 | G28: The response states that AI leads to greater dependency and complains about the inaccuracy of information and sources. | H28: 1 | I28: 1 | J28: 0 | O28: dependency | P28: T1,T4
A29: P028 | B29: conditional | C29: T1,T4,T6 | D29: The stance says AI can foster innovation if used correctly but total reliance may weaken creativity, and the barriers mention inaccurate/unreliable answers, nonexistent sources, and limited Arabic support compared with English. | E29: conditional | F29: T1,T4,T6 | G29: The outcome depends on how it is used, as correct use can foster innovation while total reliance can weaken personal creativity. | H29: 1 | I29: 1 | J29: 0 | O29: conditional | P29: T1,T4,T6
A30: P029 | E30: innovation | F30: T1,T2 | G30: The response states that AI may promote innovation and individuality in the long run. | H30: 0 | I30: 0 | J30: 0
A31: P030 | B31: innovation | C31: T9 | D31: The stance explicitly says AI enhances innovation, while the barrier responses are only punctuation and state no codable barrier. | E31: innovation | F31: T9 | G31: The response states that AI enhances innovation. | H31: 1 | I31: 1 | J31: 0 | O31: innovation | P31: T9
A32: P031 | B32: conditional | C32: T1 | D32: الموقف مشروط لأنه يقول إن الأمر يعتمد على الشخص، والحواجز تتعلق بالإجابات غير الدقيقة والتلخيص المخل بالمعنى. | E32: conditional | F32: T1 | G32: The response states that the outcome depends on the person using the tool. | H32: 1 | I32: 1 | J32: 0 | O32: conditional | P32: T1
A33: P032 | B33: innovation | C33: T2 | D33: الرد يصرح بالابتكار، والحاجز يذكر عدم التعرف على قواعد العربية وهو ضعف في مجال لغوي عربي. | E33: innovation | F33: T1,T2 | G33: The response states that AI does not recognize Arabic rules and does not provide deep answers. | H33: 1 | I33: 0 | J33: 1 | K33: innovation | L33: T1,T2 | M33: The stance response explicitly mentions innovation. The barrier response mentions Arabic rules (T2) and a lack of depth in answers, which constitutes a general quality/accuracy issue (T1). | N33: A-first | O33: innovation | P33: T1,T2
A34: P033 | B34: conditional | C34: T1,T2 | D34: ذكر أن الأمرين معًا وأن الاستخدام يجب أن يكون واعيًا، وذكر عدم الدقة وضعفًا في جوانب اللغة مع الإشارة إلى الإعراب. | E34: conditional | F34: T1,T2 | G34: The response states 'both together' and adds the condition that use must be conscious. | H34: 1 | I34: 1 | J34: 0 | O34: conditional | P34: T1,T2
A35: P034 | B35: conditional | C35: T1,T2 | D35: الموقف مشروط لأنه يعتمد على عقلية المستخدم، والعوائق تذكر ضعف الذكاء الاصطناعي في العربية وعدم موثوقية مساعدته في الواجب. | E35: conditional | F35: T1,T2,T7 | G35: The stance is conditional because the outcome depends on the user's mentality, and the barriers are the AI's weak Arabic, its inaccurate homework assistance, and discouragement from the course instructor. | H35: 1 | I35: 0 | J35: 1 | K35: conditional | L35: T1,T2,T7 | M35: The stance is conditional as it explicitly depends on the user's mentality. Themes include T2 for the model's weakness in Arabic, T1 for the imprecise result in the assignment, and T7 because the student mentions the professor's discouragement regarding the tool's utility. | N35: A-first | O35: conditional | P35: T1,T2,T7
A36: P035 | B36: conditional | C36: T1,T2,T5 | D36: الموقف مشروط بنوع الاستخدام، والحواجز تذكر ضعف مهارة كتابة الأوامر، ودقة النتائج في الأدب واللغة العربية، وعدم دقة البيانات والمعلومات عموماً. | E36: conditional | F36: T1,T5 | G36: The outcome depends on the type of individual use, as comprehensive copying leads to dependency. | H36: 1 | I36: 0 | J36: 1 | K36: conditional | L36: T1,T2,T5 | M36: The stance is conditional because it explicitly depends on the 'type of individual use' (R-S4). The themes include T1 for inaccuracy, T5 for prompting difficulties, and T2 because the response explicitly names 'literature and the Arabic language' as the domain (R-T2a). | N36: B-first | O36: conditional | P36: T1,T2,T5
A37: P036 | B37: conditional | C37: T1,T8 | D37: الموقف مشروط لأنه يعتمد على استخدام الفرد، والحواجز المذكورة تشمل إجابات خاطئة أو غير موثوقة وتأخر/بطء في توليد الصور والمقاطع والإجابات. | E37: conditional | F37: T1,T8 | G37: The response states that the outcome depends on the individual's use. | H37: 1 | I37: 1 | J37: 0 | O37: conditional | P37: T1,T8
A38: P037 | B38: dependency | C38: T1 | D38: The stance explicitly states dependency, and the barriers describe wrong, incomplete, extra, and unconvincing AI answers requiring verification. | E38: dependency | F38: T1 | G38: The response states that AI use leads to dependency. | H38: 1 | I38: 1 | J38: 0 | O38: dependency | P38: T1
A39: P038 | B39: innovation | C39: T5 | D39: The stance says AI “enhances” in response to the innovation/dependency question, and the barrier concerns how to formulate content, which indicates prompting or phrasing skill. | E39: innovation | F39: T5 | G39: The response states that AI use enhances/fosters, and the barrier is the user's skill in formulating content. | H39: 1 | I39: 1 | J39: 0 | O39: innovation | P39: T5
A40: P039 | B40: conditional | C40: T1,T2,T5 | D40: الموقف مشروط لأنه يقول إن تعزيز الابتكار يعتمد على المستخدم، والحواجز تشمل عدم فهم المطلوب، عدم دقة المعلومات، وضعف الأداء في الإملاء والإعراب وتحليل العربية. | E40: conditional | F40: T1,T2,T5 | G40: The response states that AI fosters innovation, but clarifies that this outcome depends heavily on the user. | H40: 1 | I40: 1 | J40: 0 | O40: conditional | P40: T1,T2,T5
A41: P040 | B41: uncodable | C41: T9 | D41: The stance response is non-responsive, and the barrier response states no barrier. | E41: uncodable | F41: T9 | G41: The stance response is empty and no barrier is mentioned. | H41: 1 | I41: 1 | J41: 0 | O41: uncodable | P41: T9
A42: P041 | B42: conditional | C42: T1 | D42: وصف الذكاء الاصطناعي بأنه سلاح ذو حدين يدل على موقف مشروط/مزدوج، وذكر أنه غير دقيق يطابق حاجز عدم دقة المخرجات. | E42: conditional | F42: T1 | G42: The respondent states that AI is a double-edged sword. | H42: 1 | I42: 1 | J42: 0 | O42: conditional | P42: T1
A43: P042 | B43: dependency | C43: T1 | D43: The stance explicitly says AI leads to dependency, and the barrier describes difficulty obtaining accurate answers plus fabricated material, indicating unreliable output. | E43: dependency | F43: T1,T4 | G43: The response states that AI leads to dependency and that getting accurate answers is a barrier because it often fabricates evidence. | H43: 1 | I43: 0 | J43: 1 | K43: dependency | L43: T1,T4 | M43: The stance response explicitly states it leads to dependency. The barrier response mentions inaccuracy (T1) and specifically identifies the fabrication of 'shawahid' (citations/evidence), which falls under T4. | N43: B-first | O43: dependency | P43: T1,T4
A44: P043 | B44: conditional | C44: T1,T2 | D44: الموقف مشروط بحسب طريقة استخدام الطالب، والحواجز تذكر ضعف الدقة عموما وضعف الأداء في العربية والإعراب والتحليل والنحو. | E44: conditional | F44: T1,T2 | G44: The outcome depends on the user and whether they use AI to complete their work or to review and develop their ideas. | H44: 1 | I44: 1 | J44: 0 | O44: conditional | P44: T1,T2
A45: P044 | B45: dependency | C45: T1 | D45: The stance explicitly says AI leads more to dependency, and the barrier response mentions inaccurate information and analysis. | E45: dependency | F45: T1 | G45: The response states that AI use leads to greater dependency. | H45: 1 | I45: 1 | J45: 0 | O45: dependency | P45: T1
A46: P045 | B46: conditional | C46: T1,T5,T8 | D46: الموقف مشروط بزيادة الاستخدام عن الحد، والحواجز هي عدم دقة المعاني، قلة الخبرة التقنية، وعدم توفر أدوات مجانية محترفة. | E46: conditional | F46: T1,T5,T8 | G46: The response makes dependency conditional on the amount of use. | H46: 1 | I46: 1 | J46: 0 | O46: conditional | P46: T1,T5,T8
A47: P046 | E47: dependency | F47: T1,T2 | G47: The response states that AI use leads to dependency. | H47: 0 | I47: 0 | J47: 0
A48: P047 | B48: conditional | C48: T2 | D48: الموقف مشروط بطريقة الاستخدام الصحيح، والحواجز تذكر ضعف الذكاء الاصطناعي في القضايا النحوية والصرفية. | E48: conditional | F48: T2 | G48: The response states that AI fosters innovation on the condition that the individual uses it correctly. | H48: 1 | I48: 1 | J48: 0 | O48: conditional | P48: T2
A49: P048 | B49: dependency | C49: T1,T2 | D49: The stance explicitly states dependency, and the barriers mention inaccurate answers especially in literary/poetry analysis. | E49: dependency | F49: T1,T2 | G49: The response states that AI use leads to dependency and that it provides inaccurate answers, particularly for the analysis of Omani literature. | H49: 1 | I49: 1 | J49: 0 | O49: dependency | P49: T1,T2
A50: P049 | B50: innovation | C50: T2,T4 | D50: The stance says AI enhances innovation, while the barriers mention lack of reliable sources and weakness in Arabic grammar. | E50: innovation | F50: T2,T4 | G50: The response states that AI use enhances innovation. | H50: 1 | I50: 1 | J50: 0 | O50: innovation | P50: T2,T4
A51: P050 | B51: conditional | C51: T1,T2 | D51: The stance explicitly says both and depends on the student’s use, while the barriers mention inaccurate information and errors in Arabic grammar rules and explanation. | E51: conditional | F51: T1,T2 | G51: The response states both outcomes occur and that it depends on the student's own use. | H51: 1 | I51: 1 | J51: 0 | O51: conditional | P51: T1,T2
A52: P051 | B52: conditional | C52: T2 | D52: The stance is a bare 'both' form, and the barrier says the tool performs badly in Arabic grammar and morphology/derivation. | E52: conditional | F52: T2 | G52: The stance is conditional because the response states "this and this," and the barrier is the AI's weakness in Arabic grammar (النحو) and derivation (الاشتقاق). | H52: 1 | I52: 1 | J52: 0 | O52: conditional | P52: T2
A53: P052 | B53: conditional | C53: T1,T2 | D53: يرى أن الأثر يعتمد على طريقة الاستخدام بين تعزيز الابتكار أو التسبب في الاعتمادية، ويذكر مشكلات دقة المعلومات والتحليل الخاطئ للأبيات في البلاغة. | E53: conditional | F53: T1,T2 | G53: The outcome depends on the method of use, as using it for deep understanding enhances innovation while using it for speed leads to dependency. | H53: 1 | I53: 1 | J53: 0 | O53: conditional | P53: T1,T2
A54: P053 | E54: conditional | F54: T2,T3 | G54: The response presents AI as a double-edged sword, leading to dependency if the student relies on ready outputs but fostering innovation if used as a research assistant. | H54: 0 | I54: 0 | J54: 0
A55: P054 | B55: innovation | C55: T9 | D55: The stance explicitly says AI enhances innovation, while the barrier text only mentions technology vaguely and otherwise says there is no barrier. | E55: innovation | F55: T9 | G55: The response states that AI fosters innovation and identifies the general concept of 'technology' as a barrier. | H55: 1 | I55: 1 | J55: 0 | O55: innovation | P55: T9
A56: P055 | B56: innovation | C56: T2,T4 | D56: The stance says AI enhances innovation, while the barriers mention poor understanding of Arabic grammar and lack of accurate sources to verify information. | E56: innovation | F56: T2,T4 | G56: The response states that AI use enhances innovation, and lists its weak understanding of the Arabic language and its rules and the lack of accurate sources as barriers. | H56: 1 | I56: 1 | J56: 0 | O56: innovation | P56: T2,T4
A57: P056 | B57: dependency | C57: T1,T2 | D57: The stance says AI leads to dependency and affects thinking independently, while the barriers mention inaccuracy, wrong answers, and weakness in Arabic. | E57: dependency | F57: T1,T2 | G57: The response states that AI use is dependency and that the user misses thinking for themselves. | H57: 1 | I57: 1 | J57: 0 | O57: dependency | P57: T1,T2
A58: P057 | B58: uncodable | C58: T1,T5 | D58: الاستجابة للموقف غير واضحة وتقول لا أعلم، بينما العوائق تذكر عدم دقة المعلومات وصعوبة تحديد المطلوب من الذكاء الاصطناعي بدقة. | E58: uncodable | F58: T1,T5 | G58: The stance response is "I don't know" which is uncodable, and the barrier response mentions inaccurate information and difficulty in specifying exactly what is wanted from the AI. | H58: 1 | I58: 1 | J58: 0 | O58: uncodable | P58: T1,T5
A59: P058 | B59: conditional | C59: T1 | D59: الاثنين is a bare both-form so the stance is conditional, and عدم دقة المعلومات indicates inaccurate or unreliable output. | E59: conditional | F59: T1 | G59: The respondent states that both dependency and innovation are possible outcomes. | H59: 1 | I59: 1 | J59: 0 | O59: conditional | P59: T1
A60: P059 | B60: dependency | C60: T1 | D60: The stance explicitly says AI causes strong dependency, and the barriers describe unreliable or distorted understanding/analysis. | E60: dependency | F60: T1,T5 | G60: The response states that AI use leads strongly to dependency and that it sometimes does not understand the user and produces inaccurate analysis. | H60: 1 | I60: 0 | J60: 1 | K60: dependency | L60: T1,T5 | M60: The stance clearly states dependency ('الاعتمادية'). For the themes, 'لا يفهم' triggers T5 per rule R-T5, and 'يقلب المعاني' (distorts meanings) indicates inaccurate output (T1). | N60: B-first | O60: dependency | P60: T1,T5
A61: P060 | B61: innovation | C61: T2 | D61: The stance says AI enhances innovation and critical thinking, while the barriers describe weak depth in Arabic and weak analysis/explanation of literary texts. | E61: innovation | F61: T1,T2 | G61: The user states that AI enhances innovation and critical thinking. | H61: 1 | I61: 0 | J61: 1 | K61: innovation | L61: T1,T2 | M61: The stance response explicitly mentions fostering innovation. The barrier response mentions general information quality (T1) as well as specific weaknesses in Arabic language depth and literary text analysis (T2 per rule R-T2a). | N61: B-first | O61: innovation | P61: T1,T2
A62: P061 | B62: conditional | C62: T1,T3 | D62: الموقف مشروط بطريقة الاستخدام؛ والحواجز تتعلق بالموثوقية وباختلاق قصيدة/نص أدبي للإجابة. | E62: conditional | F62: T1,T3 | G62: The outcome depends on whether the tool is used correctly, which fosters innovation, or dependently, which kills creativity. | H62: 1 | I62: 1 | J62: 0 | O62: conditional | P62: T1,T3
A63: P062 | B63: conditional | C63: T1,T2 | D63: يرى أن الأثر يعتمد على كيفية الاستخدام والغرض منه، وذكر عدم دقة المعلومات أحيانا مع مجال تحليل النصوص والأبيات والبلاغة. | E63: conditional | F63: T1,T2 | G63: The outcome depends on how the user employs the tool, as it can lead to dependency if used for copying or to innovation if used for generating ideas. | H63: 1 | I63: 1 | J63: 0 | O63: conditional | P63: T1,T2
A64: P063 | B64: conditional | C64: T1,T2,T4 | D64: The stance says AI fosters innovation but can cause dependency with wrong uses, and the barriers mention inaccurate information, weak literary/linguistic/i‘rab analysis, and difficulty obtaining reliable sources. | E64: conditional | F64: T1,T2,T4,T5 | G64: The outcome depends on usage, as AI can foster innovation or lead to dependency with wrong usage. | H64: 1 | I64: 0 | J64: 1 | K64: conditional | L64: T1,T2,T4,T5 | M64: The stance is conditional because it states that AI fosters innovation but can lead to dependency depending on how it is used (usage condition). Themes include T1 (accuracy), T2 (literary analysis and grammar/iʿ rāb), T4 (reliable sources/references), and T5 (difficulty in using the tools for understanding and general answers not meeting specific requirements). | N64: A-first | O64: conditional | P64: T1,T2,T4,T5
A65: P064 | B65: uncodable | C65: T1 | D65: الرد على الموقف هو «لا» فقط فهو غير قابل للترميز، بينما ذكر «خطأ في المعلومات» يدل على مخرجات غير دقيقة. | E65: uncodable | F65: T1,T5 | G65: The stance is uncodable as a non-responsive word, and the barriers are the difficulty of use and incorrect information. | H65: 1 | I65: 0 | J65: 1 | K65: uncodable | L65: T1,T5 | M65: The stance response 'لا' is explicitly listed as uncodable in rule R-S7. The barrier response contains two parts: 'صعوبتها' (its difficulty) which corresponds to T5 (user skill/interaction) and 'خطا في المعلومات' (error in information) which corresponds to T1. | N65: A-first | O65: uncodable | P65: T1,T5
A66: P065 | B66: dependency | C66: T2 | D66: The stance says dependency, and the barrier states that poetry analysis is incorrect, which is a weak performance in an Arabic literary domain. | E66: dependency | F66: T1,T2 | G66: The respondent stated dependency and that AI analyzes poetry incorrectly. | H66: 1 | I66: 0 | J66: 1 | K66: dependency | L66: T2 | M66: The stance 'الاعتمادية' is a direct synonym for dependency. For the themes, 'تحليل الشعر' (poetry analysis) is explicitly listed as a T2 domain in rule R-T2a, and since a domain is named, T1 is not required for the accuracy complaint. | N66: A-first | O66: dependency | P66: T2
A67: P066 | B67: innovation | C67: T1 | D67: يرى أن الذكاء الاصطناعي يعزز الابتكار، ويذكر كحاجز أنه قد يعطي حلولًا خاطئة حتى في الأسئلة السهلة. | E67: innovation | F67: T1 | G67: The response states that AI enhances innovation because the student relies on themselves to extract information, which helps it become entrenched in their mind. | H67: 1 | I67: 1 | J67: 0 | O67: innovation | P67: T1
A68: P067 | B68: conditional | C68: T2 | D68: الاستجابة تقول «الاثنان معا» فهي شرطية، والحواجز تصف ضعف الأداة في علوم اللغة العربية مثل النحو والصرف والبلاغة والعروض. | E68: conditional | F68: T2 | G68: The response states 'both together' and that the AI is not knowledgeable in Arabic language sciences like grammar, morphology, rhetoric, and prosody. | H68: 1 | I68: 1 | J68: 0 | O68: conditional | P68: T2
A69: P068 | B69: uncodable | C69: T1,T3,T4 | D69: الموقف هو محايد بلا elaboration لذا غير قابل للترميز، والعوائق تذكر عدم دقة المعلومات ومراجع وهمية وأبيات شعر مبتكرة. | E69: uncodable | F69: T1,T3,T4 | G69: The respondent states they are neutral without any elaboration. | H69: 1 | I69: 1 | J69: 0 | O69: uncodable | P69: T1,T3,T4
A70: P069 | B70: conditional | C70: T2 | D70: يرى أن الذكاء الاصطناعي يعزز الابتكار بشرط حسن استخدامه، والحاجز المذكور هو ضعف فهمه للغة العربية. | E70: conditional | F70: T2 | G70: Innovation is conditional on the tool being used well. | H70: 1 | I70: 1 | J70: 0 | O70: conditional | P70: T2
A71: P070 | B71: innovation | C71: T2 | D71: The stance explicitly says AI enhances innovation, and the barrier mentions poetry writing, a literary domain coded as T2. | E71: innovation | F71: T1,T2 | G71: The response states that AI enhances innovation. | H71: 1 | I71: 0 | J71: 1 | K71: innovation | L71: T1,T2 | M71: The stance response explicitly mentions fostering innovation. For the barriers, 'كتابة الشعر' falls under T2 per rule R-T2a, and 'المعرفة' refers to generic knowledge/accuracy issues which fall under T1. | N71: B-first | O71: innovation | P71: T1,T2
A72: P071 | B72: dependency | C72: T1 | D72: The stance explicitly says AI leads to dependency, and the barrier mentions possible information accuracy issues. | E72: dependency | F72: T1 | G72: The response explicitly states that AI use leads to dependency. | H72: 1 | I72: 1 | J72: 0 | O72: dependency | P72: T1
A73: P072 | B73: innovation | C73: T2 | D73: The stance says AI enhances innovation, and the barrier specifies weakness in Arabic iʿrāb, which falls under Arabic grammar. | E73: innovation | F73: T2 | G73: The response states that AI enhances innovation. | H73: 1 | I73: 1 | J73: 0 | O73: innovation | P73: T2
A74: P073 | B74: conditional | C74: T1,T2,T3 | D74: The stance says AI can foster innovation when used as an aid but causes dependency if used as a substitute, and the barriers mention inaccurate handling of Arabic grammar/rhetoric plus hallucinated poetic attribution. | E74: conditional | F74: T2,T3 | G74: The outcome depends on whether it is used as an assistant tool for research or as a complete substitute for critical thinking. | H74: 1 | I74: 0 | J74: 1 | K74: conditional | L74: T2,T3 | M74: The stance is conditional as it specifies that the outcome depends on the method of use (as a tool vs a substitute). The themes are T2 because it mentions specific Arabic linguistic domains (grammar and rhetoric) and T3 because it mentions attributing poetry to the wrong authors. | N74: A-first | O74: conditional | P74: T2,T3
A75: P074 | B75: conditional | C75: T1 | D75: The stance explicitly depends on how AI is used, and the barriers describe difficulty obtaining very accurate information and the model going out of context. | E75: conditional | F75: T1 | G75: The response states that the outcome depends on how AI is used and identifies difficulty obtaining accurate information and the AI going off-context as barriers. | H75: 1 | I75: 1 | J75: 0 | O75: conditional | P75: T1
A76: P075 | B76: conditional | C76: T1,T2 | D76: The stance says dependency occurs if a person relies on AI completely without thinking, and the barriers mention inaccurate information and weakness/confusion in Arabic grammar and rhetoric. | E76: conditional | F76: T1,T2 | G76: The response states that weakening of skills and innovation is conditional on the user relying on AI completely without thinking. | H76: 1 | I76: 1 | J76: 0 | O76: conditional | P76: T1,T2
A77: P076 | B77: uncodable | C77: T1 | D77: الرد على الموقف يقول لا أعلم فهو غير قابل للترميز، والحاجز المذكور هو عدم الدقة فقط. | E77: uncodable | F77: T1 | G77: The stance response is 'I don't know', and the barrier response mentions the inaccuracy of the output. | H77: 1 | I77: 1 | J77: 0 | O77: uncodable | P77: T1
A78: P077 | B78: innovation | C78: T1 | D78: يرى أن الذكاء الاصطناعي يعزز الابتكار، وذكر أن الإجابات غير دقيقة كعائق. | E78: innovation | F78: T1 | G78: The response states that AI fosters innovation and that its answers are inaccurate. | H78: 1 | I78: 1 | J78: 0 | O78: innovation | P78: T1
A79: P078 | B79: conditional | C79: T1,T2,T4 | D79: The stance explicitly says both and depends on method of use, while the barriers mention inaccurate/wrong information, errors in explaining verses and iʿrāb, and failure to provide Arabic sources. | E79: conditional | F79: T1,T2,T4 | G79: The response states 'both' and that the outcome is dependent on the method of use. | H79: 1 | I79: 1 | J79: 0 | O79: conditional | P79: T1,T2,T4
A80: P079 | B80: conditional | C80: T1,T2,T8 | D80: The stance depends on the individual and correct use, while the barriers mention weak Arabic/poetry analysis, incorrect or misleading output, and limited free access. | E80: conditional | F80: T1,T2,T8 | G80: The outcome depends on the individual and whether they use the tool correctly, which can lead to innovation. | H80: 1 | I80: 1 | J80: 0 | O80: conditional | P80: T1,T2,T8
A81: P080 | B81: conditional | C81: T1,T3 | D81: وصفه بأنه سلاح ذو حدين يدل على موقف مشروط/مزدوج، وذكر عدم دقة المعلومات واختلاق أبيات. | E81: conditional | F81: T1,T3 | G81: The response uses the idiom 'a double-edged sword,' indicating that the outcome has both positive and negative sides. | H81: 1 | I81: 1 | J81: 0 | O81: conditional | P81: T1,T3
A82: P081 | B82: innovation | C82: T1,T3 | D82: The stance explicitly says AI enhances innovation and individuality, while the barriers mention inaccurate information and non-existent poetic verses. | E82: innovation | F82: T1,T3 | G82: The user states that AI enhances innovation and individuality, but complains that the information is inaccurate and the poetry verses are non-existent. | H82: 1 | I82: 1 | J82: 0 | O82: innovation | P82: T1,T3
A83: P082 | B83: conditional | C83: T5 | D83: The stance says the outcome depends on the student, and the barrier is that the tool does not understand what the respondent wants to convey. | E83: conditional | F83: T5 | G83: The response states that the outcome depends on the student. | H83: 1 | I83: 1 | J83: 0 | O83: conditional | P83: T5
A84: P083 | B84: innovation | C84: T8 | D84: The stance explicitly says AI enhances innovation and individuality, and the barrier mentions limited use of images, which is a technical/usage limit. | E84: innovation | F84: T8 | G84: The response states that AI use fosters innovation and individuality. | H84: 1 | I84: 1 | J84: 0 | O84: innovation | P84: T8
A85: P084 | B85: conditional | C85: T1,T2 | D85: الموقف مشروط لأنه يذكر أن بعض الطلاب يتكلون عليه وبعضهم يستخدمونه للإبداع، والحواجز تتعلق بإجابات خاطئة وضعف في المعلومات الأدبية واللغوية. | E85: conditional | F85: T1,T2 | G85: The response states that the outcome differs from one student to another, as some rely on it while others use it as a tool for creativity. | H85: 1 | I85: 1 | J85: 0 | O85: conditional | P85: T1,T2
A86: P085 | B86: dependency | C86: T1 | D86: The stance explicitly states dependency, and the barrier reports inaccurate information while the second part is non-substantive. | E86: dependency | F86: T1 | G86: The response explicitly states dependency. | H86: 1 | I86: 1 | J86: 0 | O86: dependency | P86: T1
... A91: P090 | B91: innovation | C91: T1,T2 | D91: The stance says AI enhances innovation, while the barriers mention unreliable/inaccurate information and inaccurate Arabic parsing/explanation in grammar and rhetoric. | E91: innovation | F91: T1,T2 | G91: The user states that AI enhances innovation. | H91: 1 | I91: 1 | J91: 0 | O91: innovation | P91: T1,T2
A92: P091 | E92: conditional | F92: T3,T5 | G92: The response states that AI fosters innovation and individuality, but this is conditional upon using it within permitted bounds. | H92: 0 | I92: 0 | J92: 0
A93: P092 | B93: innovation | C93: T2 | D93: The stance explicitly says AI fosters innovation, and the barrier cites confusion in Arabic grammar, rhetoric, and morphology. | E93: innovation | F93: T2 | G93: The user states that AI fosters innovation. | H93: 1 | I93: 1 | J93: 0 | O93: innovation | P93: T2
A94: P093 | B94: conditional | C94: T1 | D94: The stance explicitly says both and depends on the individual, while the barriers mention inaccurate or wrong AI information. | E94: conditional | F94: T1 | G94: The response states 'both together' and that the outcome depends on the individual user. | H94: 1 | I94: 1 | J94: 0 | O94: conditional | P94: T1
A95: P094 | B95: conditional | C95: T1,T4,T6 | D95: يرى أن الأثر يعتمد على طريقة الاستخدام، وذكر مشكلات دقة المعلومات والمراجع الوهمية ودعم معظم البرامج للإنجليزية أكثر من العربية. | E95: conditional | F95: T1,T4,T6 | G95: The outcome depends on the user, as complete reliance leads to dependency while using it as an aid for ideas fosters innovation. | H95: 1 | I95: 1 | J95: 0 | O95: conditional | P95: T1,T4,T6
A96: P095 | B96: dependency | C96: T2 | D96: The stance explicitly says AI leads to dependency, and the barrier mentions incorrect iʿrāb, an Arabic grammar issue. | E96: dependency | F96: T2 | G96: The user states that AI leads to dependency. | H96: 1 | I96: 1 | J96: 0 | O96: dependency | P96: T2
A97: P096 | B97: conditional | C97: T1,T2 | D97: The stance says AI can cause dependency with excessive use but can also enhance innovation, and the barriers mention unreliable information plus weak handling of poetry, rhetoric, grammar, and morphology. | E97: conditional | F97: T1,T2 | G97: The outcome depends on the manner of use, as overuse can lead to dependency while using it for ideas can enhance innovation. | H97: 1 | I97: 1 | J97: 0 | O97: conditional | P97: T1,T2
A98: P097 | B98: innovation | C98: T1 | D98: The stance says AI fosters innovation, while the barrier response reports incorrect or wrong outputs. | E98: innovation | F98: T1 | G98: The response states that AI fosters innovation, and complains that its solutions and information are sometimes wrong. | H98: 1 | I98: 1 | J98: 0 | O98: innovation | P98: T1
A99: P098 | B99: conditional | C99: T1 | D99: The stance says AI has both roles, and the barrier cites information not being fully correct and differing opinions, indicating unreliable output. | E99: conditional | F99: T1 | G99: The respondent is neutral because AI has both roles. | H99: 1 | I99: 1 | J99: 0 | O99: conditional | P99: T1
A100: P099 | B100: innovation | C100: T2 | D100: الرد في الموقف يقول إنه يعزز، وحاجز البلاغة يدل على ضعف في مجال لغوي/أدبي عربي. | E100: innovation | F100: T2 | G100: The response states that AI use enhances, which implies it fosters innovation. | H100: 1 | I100: 1 | J100: 0 | O100: innovation | P100: T2
A101: P100 | B101: dependency | C101: T1 | D101: The stance says AI enhances dependency, and the barrier states that it does not provide the precise answer or information desired. | E101: dependency | F101: T1 | G101: The response states that AI use promotes dependency. | H101: 1 | I101: 1 | J101: 0 | O101: dependency | P101: T1
A102: P101 | B102: dependency | C102: T1,T2 | D102: الرد يصرح بالاعتماد، ويذكر أخطاء جسيمة عامة مع أخطاء إعرابية تخص العربية. | E102: dependency | F102: T1,T2 | G102: The response states 'dependency' and identifies gross errors and grammatical (i'rāb) errors as barriers. | H102: 1 | I102: 1 | J102: 0 | O102: dependency | P102: T1,T2
A103: P102 | B103: dependency | C103: T1,T2 | D103: The stance explicitly states dependency, and the barriers mention inaccuracy plus a weakness in rhetoric, an Arabic linguistic/literary domain. | E103: dependency | F103: T1,T2 | G103: The response states AI leads to dependency and that its output is inaccurate and weak in rhetoric. | H103: 1 | I103: 1 | J103: 0 | O103: dependency | P103: T1,T2
A104: P103 | B104: dependency | C104: T1,T2 | D104: يرى أن الذكاء الاصطناعي قد يؤدي إلى الاعتمادية أحيانًا، ويذكر عدم دقة الإجابات وأخطاء في إعراب حروف المعاني. | E104: dependency | F104: T1,T2 | G104: The response states that AI use may sometimes lead to dependency. | H104: 1 | I104: 1 | J104: 0 | O104: dependency | P104: T1,T2
...
